RPPS,Input1,Output1,Output2,Output3,Ano
ALTO PARAISO DE GOIAS_GO,156152.14,98,20923803.25,3363316.14,2019
AMAPORA_PR,102775.44,78,23211787.909999996,14255802.86,2019
ANDIRA_PR,477661.33,6,24950306.52,35111624.84,2019
AQUIDAUANA_MS,402880.48,306,27950642.349999998,44918277.3,2019
ARMACAO DOS BUZIOS_RJ,911599.5,102,30294863.869999997,70346641.36999999,2019
ASSIS_SP,838715.43,82,36405924.3,199908966.41,2019
ATALAIA_AL,450271.71,616,20517234.2,82196.47,2019
BARRO ALTO_GO,363099.64,173,21677419.22,11622098.71,2019
BEBERIBE_CE,948001.44,337,27366761.419999998,45416676.93,2019
BOA VISTA_RR,2486345.34,550,92468621.46000001,598770493.9,2019
BOM DESPACHO_MG,565714.84,416,25667811.419999998,30619988.84,2019
CAAPORA_PB,356404.19,392,20509295.959999997,17189.49,2019
CAARAPO_MS,417240.12,148,23806525.25,21867468.53,2019
CACADOR_SC,969664.2,532,35141927.51,108644098.56,2019
CACHOEIRINHA_PE,339877.63,99,22908101.82,16571243.52,2019
CAMACARI_BA,5260029.64,1970,64413689.28,303383161.08,2019
CANTAGALO_RJ,620625.28,671,22463683.11,12234962.86,2019
CARDOSO MOREIRA_RJ,237207.37,191,27883035.09,87488225.01999998,2019
CARIRIACU_CE,531285.09,102,22170840.13,13082367.83,2019
CERES_GO,100492.28,195,21996596.529999997,10914447.02,2019
CERQUEIRA CESAR_SP,399279.26,198,25642146.49,33327623.54,2019
CHOPINZINHO_PR,5440.0,27,22579097.549999997,8659415.59,2019
CONCEICAO DE MACABU_RJ,560516.41,360,27047395.65,47691351.7,2019
CRATO_CE,975199.26,622,29905571.93,81540667.62,2019
CRUZEIRO DO OESTE_PR,73968.52,213,21878066.979999997,10579289.98,2019
CURITIBANOS_SC,260446.6,440,26567315.959999997,38512809.43,2019
DEMERVAL LOBAO_PI,129694.79,29,20814161.939999998,2914278.57,2019
DOMINGOS MARTINS_ES,367318.68,189,28924680.54,62306453.19,2019
DUAS BARRAS_RJ,402891.89,208,27511931.849999998,37398157.54,2019
ENTRE-IJUIS_RS,187799.26,135,24666932.409999996,39417415.54,2019
ESCADA_PE,674152.59,718,21379387.7,6974405.99,2019
ESPERA FELIZ_MG,290987.77,208,22008236.689999998,12917145.62,2019
ESPERANTINA_PI,239559.19,193,21742073.459999997,15191370.88,2019
ESPIGAO DO OESTE_RO,845406.82,84,29205730.939999998,56389176.49,2019
EUSEBIO_CE,1048757.35,238,35135099.379999995,129138306.06,2019
FERNANDOPOLIS_SP,1602887.32,563,33575440.42,77244160.35,2019
FLORIANOPOLIS_SC,4063984.61,3259,22191895.75,19550022.96,2019
FORMOSA_GO,564799.06,568,20657106.229999997,9349503.02,2019
FOZ DO IGUACU_PR,3108923.79,2232,62096162.07,346367764.26,2019
GOIANIRA_GO,546628.28,202,24894355.299999997,34719245.16,2019
GOIAS_GO,37133089.47,59485,43608557.75,37600686.69,2019
GONCALVES_MG,94735.77,16,20756520.029999997,1417809.0,2019
HOLAMBRA_SP,402194.46,122,28099582.25,62518035.17999999,2019
IGUATAMA_MG,108881.88,107,20511459.41,19848.73,2019
IRAUCUBA_CE,437154.45,35,24961310.779999997,29554008.51,2019
ITACURUBA_PE,144671.54,39,22168577.38,13771342.78,2019
ITAPIPOCA_CE,1886143.94,414,34723227.06,103043888.39,2019
IVOTI_RS,104433.07,86,27747476.18,62935125.29,2019
JALES_SP,503998.46,558,25280297.18,39788464.26,2019
JANUARIA_MG,390677.82,207,24024238.09,22591833.19,2019
JAPURA_PR,146676.52,5,23057997.709999997,16316442.75,2019
JARU_RO,617258.97,246,31109477.259999998,93278939.44,2019
JOACABA_SC,261746.63,484,33607309.39,88611519.73,2019
LAGOA SECA_PB,335644.69,302,20557075.54,210960.38,2019
LAGOAO_RS,69533.91,88,22634415.82,18829192.12,2019
LIBERDADE_MG,103594.82,81,20511406.139999997,10352.35,2019
LIMEIRA_SP,4327727.46,1585,80116965.5,468704095.79,2019
MAFRA_SC,900214.12,384,25270937.4,39660117.8,2019
MANGARATIBA_RJ,676899.87,640,20750065.369999997,2913017.95,2019
MANTENA_MG,370083.66,284,23324273.36,25084037.79,2019
MARABA_PA,2227236.07,863,101648973.53,435118646.92,2019
MARACAJU_MS,984817.6,309,30110299.659999996,66707914.39,2019
MARILIA_SP,1683130.25,2063,21967437.689999998,20280717.63,2019
MARINGA_PR,3476026.26,3274,79831095.84,330473678.98,2019
MATO GROSSO_MT,25639859.15,29975,21613319.27,31070729.1,2019
MATO GROSSO DO SUL_MS,5294674.08,24801,21081648.5,74026702.1,2019
MEDIANEIRA_PR,188808.82,131,25832757.74,33716334.84,2019
MILAGRES_CE,367629.86,22,22659379.419999998,12924779.36,2019
MINACU_GO,658869.95,362,21252895.389999997,8519870.29,2019
MIRA ESTRELA_SP,119189.92,48,22587922.93,17695532.46,2019
MONTE ALEGRE DE MINAS_MG,433282.47,251,20860323.47,4359265.18,2019
MORENO_PE,503211.5,581,20532101.31,206681.97,2019
MORRO AGUDO_SP,490868.53,395,23574313.79,20365950.14,2019
NOVA ESPERANCA DO SUL_RS,52322.78,26,22633917.61,17659071.71,2019
NOVO HORIZONTE DO OESTE_RO,298307.57,36,21961936.81,12698249.1,2019
OLIVEIRA_MG,651477.52,451,26431809.119999997,38187387.27,2019
OSORIO_RS,31324.76,533,35812186.4,126570467.37,2019
PALMEIRA D'OESTE_SP,143365.09,154,20862592.459999997,4375893.390000001,2019
PARAIBUNA_SP,457272.26,232,23102310.669999998,58855026.43999999,2019
PARAIPABA_CE,583850.92,77,24473360.14,25226525.64,2019
PARISI_SP,137958.6,53,22146406.77,17819547.74,2019
PAROBE_RS,382770.57,389,29421682.78,57685451.14999999,2019
PATOS_PB,556323.46,642,20592807.68,7171.73,2019
PATY DO ALFERES_RJ,478440.63,286,37565073.91,104786808.93,2019
PIAUI_PI,13974281.43,37332,21233843.34,3984640.81,2019
PICOS_PI,617962.12,283,26786761.919999998,57749029.61,2019
PIRACAIA_SP,732753.58,169,35516389.79,72573208.74,2019
POSSE_GO,297817.87,322,22267337.549999997,16057103.35,2019
QUEIMADOS_RJ,1218321.62,744,34855470.14,84456727.56,2019
RIACHINHO_MG,48852.2,48,22669566.86,11747376.86,2019
RIBEIRAO PIRES_SP,1825874.75,579,35624122.629999995,91606110.75,2019
RIO BRILHANTE_MS,948405.9,305,38727421.519999996,113570673.37,2019
RIO NEGRINHO_SC,937642.52,280,30071394.299999997,117281614.01,2019
SAGRADA FAMILIA_RS,74629.49,16,22249337.47,13738865.48,2019
SANTA FE DO SUL_SP,951766.04,401,26243761.02,58906228.68000001,2019
SANTA MARIA DE JETIBA_ES,562428.48,192,32773095.65,56385728.2,2019
SANTANA DO CARIRI_CE,270703.66,73,21756245.43,13699106.4,2019
SANTO ANDRE_SP,8539488.1,5582,139439887.29,650499098.1400001,2019
SANTO ANTONIO DA PATRULHA_RS,41264.98,384,32248327.2,101145376.14,2019
SAO FRANCISCO DE ASSIS_RS,109655.83,257,22984761.57,32139410.56,2019
SAO JOAO DA LAGOA_MG,120625.4,12,21557621.4,6441126.430000001,2019
SAO MANUEL_SP,895444.79,396,31584005.5,93521020.54,2019
SERRA CAIADA (ANTIGO PRESIDENTE JUSCELINO)_RN,193498.62,22,21380775.029999997,6076787.16,2019
SOLONOPOLE_CE,321518.62,87,21687681.669999998,11471892.67,2019
SUME_PB,261978.27,110,21069724.709999997,4666075.51,2019
TAIO_SC,244024.56,159,25134476.11,34620605.52,2019
TAUA_CE,467878.65,480,20635532.049999997,614075.1599999999,2019
TAUBATE_SP,3429045.65,2532,27668349.029999997,306982467.06,2019
TRAJANO DE MORAES_RJ,527079.05,393,22165248.32,13703930.09,2019
TRES MARIAS_MG,847648.6,334,30482801.96,62133818.47,2019
TUPANCIRETA_RS,128173.52,197,26597997.869999997,52511631.98999999,2019
TURMALINA_MG,270332.75,106,22736451.84,22375506.79,2019
VARJAO DE MINAS_MG,61551.96,36,21748809.75,8229689.590000001,2019
VARRE-SAI_RJ,303093.91,235,26920550.669999998,53248897.9,2019
VIANA_ES,880441.66,748,26044222.349999998,51493839.24000001,2019
VICOSA_MG,1486798.79,616,24866719.49,46427656.83,2019
ALTO PARAISO DE GOIAS_GO,171992.78,109,20701341.299999997,3253880.68,2020
AMAPORA_PR,105229.05,86,21295960.959999997,16926647.4,2020
ANDIRA_PR,498321.99,352,23576119.99,42312706.92,2020
AQUIDAUANA_MS,457842.81,332,29686019.47,50850639.53,2020
ARMACAO DOS BUZIOS_RJ,1268572.03,113,24950284.27,90922154.27,2020
ASSIS_SP,862213.65,88,23457210.38,229058373.34,2020
ATALAIA_AL,481105.85,647,20520420.5,34585.79,2020
BARRO ALTO_GO,409604.91,192,21046591.08,13206312.69,2020
BEBERIBE_CE,1569836.91,371,22104997.689999998,55698586.81,2020
BOA VISTA_RR,1966645.83,582,66265226.589999996,726322109.52,2020
BOM DESPACHO_MG,407372.3,495,21659175.889999997,35019773.16,2020
CAAPORA_PB,629645.14,408,20652238.47,146201.69,2020
CAARAPO_MS,403393.71,169,21558353.57,30638571.7,2020
CACADOR_SC,1090019.67,577,27177172.58,122150061.57,2020
CACHOEIRINHA_PE,284133.21,116,21643894.97,20354652.61,2020
CAMACARI_BA,4601977.71,2060,34008556.95,366666150.72,2020
CANTAGALO_RJ,822500.45,695,21510971.68,15139342.15,2020
CARDOSO MOREIRA_RJ,192299.82,214,26640871.82,96473516.7,2020
CARIRIACU_CE,647410.67,125,21704438.34,16372179.81,2020
CERES_GO,125004.15,203,22365201.07,13123390.79,2020
CERQUEIRA CESAR_SP,489276.31,214,20680733.93,42566564.69000001,2020
CHOPINZINHO_PR,4574.99,51,24652641.56,15416161.34,2020
CONCEICAO DE MACABU_RJ,646533.89,242,23880938.86,53394991.48,2020
CRATO_CE,944618.56,541,29502962.49,84758426.57000001,2020
CRUZEIRO DO OESTE_PR,36230.99,245,21628562.33,11605113.77,2020
CURITIBANOS_SC,289392.11,450,22894762.159999996,46020502.54000001,2020
DEMERVAL LOBAO_PI,115879.75,34,20740748.4,4246406.43,2020
DOMINGOS MARTINS_ES,402827.81,206,28126433.99,70993199.81,2020
DUAS BARRAS_RJ,407111.69,225,21479386.41,44808107.38,2020
ENTRE-IJUIS_RS,174383.01,157,23692124.64,43088708.17,2020
ESCADA_PE,581082.89,759,21054557.93,5420742.7,2020
ESPERA FELIZ_MG,327050.24,216,21449895.5,14859613.16,2020
ESPERANTINA_PI,266740.47,210,21170669.849999998,16688704.75,2020
ESPIGAO DO OESTE_RO,774361.48,94,24066863.159999996,67274914.81,2020
EUSEBIO_CE,1114525.5,259,28142380.689999998,150789641.3,2020
FERNANDOPOLIS_SP,1314805.61,587,19867540.93,99644553.33,2020
FLORIANOPOLIS_SC,4564790.62,3457,20740903.139999997,12446137.66,2020
FORMOSA_GO,597948.96,480,20475482.09,9354573.44,2020
FOZ DO IGUACU_PR,3007626.24,2426,70432576.13,381147930.82,2020
GOIANIRA_GO,453084.4,221,22879829.799999997,41602666.42,2020
GOIAS_GO,48603112.8,59717,26270778.89,414847161.07,2020
GONCALVES_MG,95255.87,28,20686687.9,2328058.78,2020
HOLAMBRA_SP,361049.95,132,22313243.88,72952196.59,2020
IGUATAMA_MG,107615.39,125,20518228.139999997,159568.73,2020
IRAUCUBA_CE,506039.02,55,24410242.93,35432189.76000001,2020
ITACURUBA_PE,128000.22,42,23501373.97,15775519.56,2020
ITAPIPOCA_CE,1899079.04,590,26755975.32,124476494.24,2020
IVOTI_RS,104053.87,103,24725694.549999997,76563722.78,2020
JALES_SP,675231.09,585,24333210.509999998,47748002.91,2020
JANUARIA_MG,475908.43,212,24963814.97,29370426.78,2020
JAPURA_PR,153700.05,6,21534666.0,18758423.54,2020
JARU_RO,779594.55,280,27239657.009999998,107320351.96,2020
JOACABA_SC,279093.28,509,34101840.71,102863341.06,2020
LAGOA SECA_PB,353627.49,323,20576287.959999997,1446701.08,2020
LAGOAO_RS,59242.55,83,21770609.47,21798562.96,2020
LIBERDADE_MG,90110.31,105,20510083.43,18392.08,2020
LIMEIRA_SP,2173180.41,1718,1.0,536499424.18,2020
MAFRA_SC,867163.49,426,22634564.24,37868407.93,2020
MANGARATIBA_RJ,870696.09,678,20593671.549999997,1137454.55,2020
MANTENA_MG,404522.16,297,21084013.16,28021395.56,2020
MARABA_PA,2213628.72,927,48713634.06,546534260.45,2020
MARACAJU_MS,1213579.4,336,24272205.659999996,76516506.48,2020
MARILIA_SP,1979722.82,2210,18402909.419999998,8545671.700000001,2020
MARINGA_PR,3257096.59,3512,20566442.979999997,455583659.35,2020
MATO GROSSO_MT,21559235.94,30341,22545146.57,19975603.88,2020
MATO GROSSO DO SUL_MS,7622574.9,13751,21933547.58,85694929.03,2020
MEDIANEIRA_PR,275761.21,196,25987616.49,44273645.86,2020
MILAGRES_CE,515443.88,33,24257954.799999997,19584669.12,2020
MINACU_GO,662898.88,364,20756558.479999997,6574148.46,2020
MIRA ESTRELA_SP,102989.72,42,21685347.209999997,20622790.3,2020
MONTE ALEGRE DE MINAS_MG,347053.27,273,20964126.07,5819089.19,2020
MORENO_PE,512705.74,622,20528176.16,245942.66,2020
MORRO AGUDO_SP,519321.38,418,22057446.299999997,23787714.66,2020
NOVA ESPERANCA DO SUL_RS,49391.75,29,21592318.54,20481535.07,2020
NOVO HORIZONTE DO OESTE_RO,256961.85,43,21375274.29,15922995.59,2020
OLIVEIRA_MG,644955.37,480,26025961.229999997,47654947.8,2020
OSORIO_RS,44686.87,564,28812962.68,145587661.43,2020
PALMEIRA D'OESTE_SP,233596.47,202,20637944.5,3937054.59,2020
PARAIBUNA_SP,516115.52,247,23933788.25,69440934.76,2020
PARAIPABA_CE,533038.05,88,22593440.2,33275525.56,2020
PARISI_SP,140229.41,60,21634922.709999997,19398073.25,2020
PAROBE_RS,491396.68,557,27199111.849999998,66159838.31,2020
PATOS_PB,657336.59,671,20668750.72,2447033.01,2020
PATY DO ALFERES_RJ,959623.67,319,28387434.27,121126309.77,2020
PIAUI_PI,9454260.71,36518,21135910.07,10451398.95,2020
PICOS_PI,685909.76,302,24018162.47,69634635.95,2020
PIRACAIA_SP,584955.09,189,40670041.08,89445393.07000001,2020
POSSE_GO,446283.77,332,21174092.95,13969350.18,2020
QUEIMADOS_RJ,1380236.92,493,32578811.06,94438878.74,2020
RIACHINHO_MG,43677.56,51,21381580.97,14308794.34,2020
RIBEIRAO PIRES_SP,1656975.28,651,34575559.599999994,109441327.28,2020
RIO BRILHANTE_MS,909252.22,343,26959485.409999996,138937133.18,2020
RIO NEGRINHO_SC,894964.89,311,25271009.99,127230656.53,2020
SAGRADA FAMILIA_RS,71188.18,18,21396275.38,15553853.89,2020
SANTA FE DO SUL_SP,933564.98,435,26957987.31,70141261.71,2020
SANTA MARIA DE JETIBA_ES,433513.4,216,29695259.38,69796609.04,2020
SANTANA DO CARIRI_CE,243297.49,99,21177450.31,17461413.62,2020
SANTO ANDRE_SP,8155515.76,5735,76072799.85,850208018.0500001,2020
SANTO ANTONIO DA PATRULHA_RS,50973.44,405,29639408.03,117745728.01,2020
SAO FRANCISCO DE ASSIS_RS,103944.79,277,22217863.389999997,33711440.39,2020
SAO JOAO DA LAGOA_MG,140378.36,12,21959188.99,7982162.470000002,2020
SAO MANUEL_SP,910589.1,407,25824584.93,106522365.71,2020
SERRA CAIADA (ANTIGO PRESIDENTE JUSCELINO)_RN,191912.58,48,20851130.4,7349293.29,2020
SOLONOPOLE_CE,171590.15,64,20796194.9,14891572.96,2020
SUME_PB,317665.77,224,20963859.389999997,4416239.44,2020
TAIO_SC,438589.51,165,23622349.2,42615515.24,2020
TAUA_CE,346386.69,444,20638750.34,3136067.24,2020
TAUBATE_SP,3597355.03,2741,41968313.47,323671392.35,2020
TRAJANO DE MORAES_RJ,562060.8,414,21842208.32,14510566.21,2020
TRES MARIAS_MG,901520.97,366,24848016.57,69792368.52000001,2020
TUPANCIRETA_RS,81531.02,214,24708588.659999996,64120776.29000001,2020
TURMALINA_MG,268398.56,114,22322627.24,25040581.68,2020
VARJAO DE MINAS_MG,47637.21,44,21046275.209999997,10243255.82,2020
VARRE-SAI_RJ,280226.81,260,23370852.419999998,60490963.18,2020
VIANA_ES,772383.86,765,31484270.11,61404671.31,2020
VICOSA_MG,1277920.23,650,24700612.82,56126390.29000001,2020
ALTO PARAISO DE GOIAS_GO,153657.33,112,20471543.43,3615777.08,2021
AMAPORA_PR,104228.54,87,20274777.83,16992816.26,2021
ANDIRA_PR,491580.84,379,19350363.63,49879995.34,2021
AQUIDAUANA_MS,511596.52,370,24703776.11,53840301.45,2021
ARMACAO DOS BUZIOS_RJ,947108.9,128,20044913.13,100275379.34,2021
ASSIS_SP,1297238.7,90,18660533.41,252473058.41,2021
ATALAIA_AL,375028.29,668,20515433.77,1350332.09,2021
BARRO ALTO_GO,459277.46,201,20497973.95,13309747.54,2021
BEBERIBE_CE,771744.04,344,21915674.54,57810442.36000001,2021
BOA VISTA_RR,2047097.34,626,17813117.939999998,831449604.1,2021
BOM DESPACHO_MG,423956.35,514,19894625.31,35943669.52,2021
CAAPORA_PB,474810.67,428,20532382.29,60145.53,2021
CAARAPO_MS,457914.89,174,20786212.119999997,37797825.96,2021
CACADOR_SC,1342491.61,607,19121637.04,137866967.84,2021
CACHOEIRINHA_PE,360076.8,66,20735196.72,23033904.33,2021
CAMACARI_BA,5380625.2,2117,25071631.709999997,347792523.32,2021
CANTAGALO_RJ,690075.73,699,20390793.11,17642849.24,2021
CARDOSO MOREIRA_RJ,271448.6,236,23060191.14,105104153.63,2021
CARIRIACU_CE,597514.72,146,22170101.119999997,21002077.3,2021
CERES_GO,280861.03,216,20576619.299999997,14630641.84,2021
CERQUEIRA CESAR_SP,587359.1,237,18811221.15,48741928.34,2021
CHOPINZINHO_PR,9928.76,72,23535570.65,22772957.5,2021
CONCEICAO DE MACABU_RJ,609068.19,412,20998104.18,57288257.43,2021
CRATO_CE,1387699.19,607,25927449.97,73285219.05000001,2021
CRUZEIRO DO OESTE_PR,39584.35,277,21347085.849999998,12280182.56,2021
CURITIBANOS_SC,319139.37,470,20578221.27,50174621.18,2021
DEMERVAL LOBAO_PI,136202.75,36,20626220.25,6184109.5,2021
DOMINGOS MARTINS_ES,429559.76,234,24610261.349999998,76377004.80000001,2021
DUAS BARRAS_RJ,411460.11,247,19464075.59,46107171.82,2021
ENTRE-IJUIS_RS,206070.97,167,21785250.56,43439269.44000001,2021
ESCADA_PE,590188.65,783,20596157.07,5824156.970000002,2021
ESPERA FELIZ_MG,399636.57,224,21058168.029999997,16077301.99,2021
ESPERANTINA_PI,1076008.98,217,21232274.509999998,17831472.84,2021
ESPIGAO DO OESTE_RO,759705.4,105,20629676.509999998,74260376.14,2021
EUSEBIO_CE,1316308.65,269,23752277.27,159778565.64,2021
FERNANDOPOLIS_SP,1520289.61,601,21348893.5,110017114.09,2021
FLORIANOPOLIS_SC,5674481.12,3658,20033111.11,5160558.37,2021
FORMOSA_GO,283170.44,40,20619983.33,9802550.03,2021
FOZ DO IGUACU_PR,3947178.28,2638,18070587.299999997,428322620.04,2021
GOIANIRA_GO,430054.12,232,21769084.549999997,46545899.23,2021
GOIAS_GO,47707153.24,61212,47386831.34,1305817037.54,2021
GONCALVES_MG,98397.74,31,20545791.619999997,3167216.110000001,2021
HOLAMBRA_SP,375367.68,146,21083109.009999998,81718445.2,2021
IGUATAMA_MG,121610.99,140,20514187.0,260770.63,2021
IRAUCUBA_CE,520223.25,70,21681457.24,41473396.97000001,2021
ITACURUBA_PE,148395.72,42,20452133.86,17176614.64,2021
ITAPIPOCA_CE,1282753.95,599,22520720.59,129215364.99,2021
IVOTI_RS,98355.36,116,22394991.32,87025783.93,2021
JALES_SP,734849.21,606,15429580.68,47482626.1,2021
JANUARIA_MG,545490.29,258,23097866.08,38972353.45,2021
JAPURA_PR,164322.52,103,19780867.93,20894567.01,2021
JARU_RO,960153.53,311,22325122.49,118636477.2,2021
JOACABA_SC,295449.09,274,29954626.799999997,110903884.21,2021
LAGOA SECA_PB,360120.33,329,20617824.65,1436188.87,2021
LAGOAO_RS,79088.43,94,20989420.709999997,24493086.22,2021
LIBERDADE_MG,96483.87,116,20510775.119999997,25226.04,2021
LIMEIRA_SP,2254085.62,1836,31352670.729999997,585052936.44,2021
MAFRA_SC,800998.86,484,20474955.95,36442614.09,2021
MANGARATIBA_RJ,749047.3,717,20576985.779999997,1937565.51,2021
MANTENA_MG,475109.4,307,21625791.74,27812732.43,2021
MARABA_PA,2685840.29,1038,19169848.25,628035312.45,2021
MARACAJU_MS,1570976.05,367,19900396.279999997,79405245.41000001,2021
MARILIA_SP,3844141.79,2408,20455652.45,8058403.550000002,2021
MARINGA_PR,7542615.19,3744,20589454.869999997,513073240.14,2021
MATO GROSSO_MT,22556450.72,29753,22499898.759999998,99186701.67,2021
MATO GROSSO DO SUL_MS,9377464.08,28668,23602788.18,174235614.3,2021
MEDIANEIRA_PR,324418.22,171,22128930.66,55404481.63,2021
MILAGRES_CE,390710.62,35,21444891.389999997,23422535.39,2021
MINACU_GO,768139.82,409,20605799.52,6675191.41,2021
MIRA ESTRELA_SP,66177.2,54,20937742.72,21937580.68,2021
MONTE ALEGRE DE MINAS_MG,376053.94,292,20912856.65,8389071.31,2021
MORENO_PE,538665.81,658,20555932.009999998,1293198.36,2021
MORRO AGUDO_SP,450420.99,364,20601891.259999998,30410786.92,2021
NOVA ESPERANCA DO SUL_RS,71041.33,31,21082477.4,22371410.17,2021
NOVO HORIZONTE DO OESTE_RO,349797.96,48,20729564.099999998,18853374.04,2021
OLIVEIRA_MG,615687.11,494,24315081.04,57020071.03,2021
OSORIO_RS,46783.79,589,23872797.689999998,147914454.53,2021
PALMEIRA D'OESTE_SP,148403.11,186,20488653.869999997,2846207.64,2021
PARAIBUNA_SP,604850.86,271,24367497.04,76632334.82000001,2021
PARAIPABA_CE,550608.16,115,20734212.02,37394444.07,2021
PARISI_SP,140963.03,63,21226453.02,20513220.69,2021
PAROBE_RS,350449.74,395,23630802.09,73975992.4,2021
PATOS_PB,750930.47,706,20473348.619999997,9432867.8,2021
PATY DO ALFERES_RJ,807659.17,352,21738078.919999998,128029251.29,2021
PIAUI_PI,12229892.3,32141,22137175.72,64374642.26,2021
PICOS_PI,712120.46,260,21597795.38,80839984.46000001,2021
PIRACAIA_SP,667799.94,200,36034854.82,105143918.83,2021
POSSE_GO,416263.14,353,20653903.0,13927087.0,2021
QUEIMADOS_RJ,1094696.2,520,25210807.759999998,90250900.89,2021
RIACHINHO_MG,65613.8,58,21408756.729999997,15964959.13,2021
RIBEIRAO PIRES_SP,1566387.52,708,21347842.779999997,119766957.4,2021
RIO BRILHANTE_MS,797945.51,66,18220559.57,151707922.46,2021
RIO NEGRINHO_SC,796677.06,342,24070305.13,134263618.24,2021
SAGRADA FAMILIA_RS,80390.53,20,20905148.759999998,16787261.21,2021
SANTA FE DO SUL_SP,754831.46,461,25231232.439999998,84824778.62,2021
SANTA MARIA DE JETIBA_ES,472509.65,236,24105413.84,76949818.72,2021
SANTANA DO CARIRI_CE,185961.81,120,20704637.979999997,18298780.37,2021
SANTO ANDRE_SP,9237807.75,5868,16044061.279999997,836015732.36,2021
SANTO ANTONIO DA PATRULHA_RS,38560.88,437,23974199.58,134953881.97,2021
SAO FRANCISCO DE ASSIS_RS,118471.16,295,21958541.729999997,35768725.09,2021
SAO JOAO DA LAGOA_MG,137421.34,13,21478645.169999998,9386571.89,2021
SAO MANUEL_SP,871961.68,433,23181741.08,113011668.17,2021
SERRA CAIADA (ANTIGO PRESIDENTE JUSCELINO)_RN,237591.36,46,20630367.81,7874751.61,2021
SOLONOPOLE_CE,338625.77,114,21063166.959999997,19691629.31,2021
SUME_PB,343951.53,227,20576757.099999998,5085970.36,2021
TAIO_SC,519992.53,90,20838108.61,48558834.8,2021
TAUA_CE,517988.31,497,20769806.259999998,5618954.09,2021
TAUBATE_SP,3850552.94,2872,32858860.71,268930918.52,2021
TRAJANO DE MORAES_RJ,271854.33,436,20650572.919999998,11456856.21,2021
TRES MARIAS_MG,861861.27,385,24054719.18,74156508.09,2021
TUPANCIRETA_RS,74448.21,95,22453611.4,74962952.04,2021
TURMALINA_MG,257843.57,130,21050917.139999997,28671308.22,2021
VARJAO DE MINAS_MG,58309.63,49,20587595.43,12017725.84,2021
VARRE-SAI_RJ,319782.27,280,23779073.189999998,63927100.29000001,2021
VIANA_ES,716288.91,785,26905441.63,72693441.86,2021
VICOSA_MG,1429855.36,706,18518971.27,68433825.57,2021
ALTO PARAISO DE GOIAS_GO,226370.72,120,20729909.02,3486476.57,2022
AMAPORA_PR,101039.22,75,22350131.959999997,15510864.34,2022
ANDIRA_PR,645797.39,402,24359343.99,51443039.01000001,2022
AQUIDAUANA_MS,680292.42,386,28124091.509999998,50434957.63,2022
ARMACAO DOS BUZIOS_RJ,1144349.09,149,27497502.59,141697681.75,2022
ASSIS_SP,1214667.68,98,20865635.47,269086852.43,2022
ATALAIA_AL,651536.08,703,21809689.4,1956170.08,2022
BARRO ALTO_GO,469365.6,207,21927606.97,15643235.56,2022
BEBERIBE_CE,1072402.02,364,27547193.15,61880252.15,2022
BOA VISTA_RR,2782697.92,677,71104799.71000001,883510900.85,2022
BOM DESPACHO_MG,530476.47,527,22873319.7,34151383.16,2022
CAAPORA_PB,832242.78,454,20516200.229999997,7061.12,2022
CAARAPO_MS,536504.03,168,24314343.82,45594792.32,2022
CACADOR_SC,1527481.92,524,22432680.2,146905661.78,2022
CACHOEIRINHA_PE,266289.56,142,22458474.06,25250504.47,2022
CAMACARI_BA,5467770.58,2189,49198176.629999995,372930238.86,2022
CANTAGALO_RJ,787641.51,726,21220643.169999998,19731861.22,2022
CARDOSO MOREIRA_RJ,252884.94,262,31052947.63,104405058.78,2022
CARIRIACU_CE,704234.8,152,24052095.83,26347192.91,2022
CERES_GO,379739.48,225,21507428.93,14828469.26,2022
CERQUEIRA CESAR_SP,559943.3,251,24271789.979999997,55168625.02,2022
CHOPINZINHO_PR,19729.96,93,25049550.65,28531635.56,2022
CONCEICAO DE MACABU_RJ,587699.74,468,26631563.93,61093333.86000001,2022
CRATO_CE,884786.33,662,29765797.43,82720370.35000001,2022
CRUZEIRO DO OESTE_PR,71047.09,318,22054161.459999997,12654265.3,2022
CURITIBANOS_SC,328847.11,482,23462169.299999997,52760758.74,2022
DEMERVAL LOBAO_PI,147044.89,38,21511851.479999997,8242637.78,2022
DOMINGOS MARTINS_ES,437508.06,246,29450590.479999997,76511686.05000001,2022
DUAS BARRAS_RJ,381323.44,256,22660815.279999997,45222943.35,2022
ENTRE-IJUIS_RS,230896.77,175,24261418.709999997,41382646.77,2022
ESCADA_PE,658051.53,825,20810319.889999997,3804440.35,2022
ESPERA FELIZ_MG,441737.08,233,21991459.439999998,16078181.94,2022
ESPERANTINA_PI,775977.06,240,22774917.15,25282332.83,2022
ESPIGAO DO OESTE_RO,880775.42,116,24696964.229999997,77312340.03,2022
EUSEBIO_CE,1990029.84,282,37311760.09,174409558.53,2022
FERNANDOPOLIS_SP,1817447.98,607,25925852.22,130525116.11,2022
FLORIANOPOLIS_SC,4374066.43,3903,20831522.47,9977202.9,2022
FORMOSA_GO,776589.77,51,21453874.81,9667511.07,2022
FOZ DO IGUACU_PR,3831649.8,2837,47402650.55,448702238.03,2022
GOIANIRA_GO,500896.47,233,25946675.52,55380652.01000001,2022
GOIAS_GO,51995195.48,61088,46572844.32,214722532.3,2022
GONCALVES_MG,147078.04,33,20791678.02,3879407.25,2022
HOLAMBRA_SP,552911.55,105,28227035.759999998,81099236.23,2022
IGUATAMA_MG,152198.77,151,20632137.36,786123.73,2022
IRAUCUBA_CE,570123.25,83,25042499.59,45094589.02,2022
ITACURUBA_PE,166877.94,53,21917438.619999997,18207967.89,2022
ITAPIPOCA_CE,1329128.59,704,27167497.2,137226562.67,2022
IVOTI_RS,34282.39,131,28769512.65,96706923.6,2022
JALES_SP,857421.75,622,21431062.939999998,49399162.99,2022
JANUARIA_MG,621619.48,292,26097048.81,52502778.98,2022
JAPURA_PR,207840.33,126,21803773.04,20317295.55,2022
JARU_RO,1019586.47,339,30492433.65,124449610.52,2022
JOACABA_SC,363674.71,272,36571140.019999996,117567959.9,2022
LAGOA SECA_PB,394491.08,336,20886725.639999997,2824091.59,2022
LAGOAO_RS,114698.53,107,22337528.759999998,25321939.89,2022
LIBERDADE_MG,131895.62,123,20515689.58,63565.19,2022
LIMEIRA_SP,3633238.39,1998,20966884.009999998,606098167.98,2022
MAFRA_SC,976459.23,476,23969919.15,38068698.6,2022
MANGARATIBA_RJ,1490223.23,786,20976624.369999997,1626121.57,2022
MANTENA_MG,568759.5,320,23422351.39,28321695.21,2022
MARABA_PA,2743912.83,1186,43241362.29,689586573.08,2022
MARACAJU_MS,1497587.93,380,27628592.709999997,85496866.19000001,2022
MARILIA_SP,4790153.82,2528,21294776.79,9305783.9,2022
MARINGA_PR,8744646.19,3949,22587797.97,582609561.44,2022
MATO GROSSO_MT,12550428.84,30104,42314344.95999999,112064253.64,2022
MATO GROSSO DO SUL_MS,12003750.91,28808,29710810.909999996,129270582.53,2022
MEDIANEIRA_PR,545919.15,364,24541945.75,67602714.99,2022
MILAGRES_CE,519734.9,50,23697109.86,29210886.6,2022
MINACU_GO,1030688.82,406,21536420.54,10070254.81,2022
MIRA ESTRELA_SP,77201.74,63,22377477.24,23726868.49,2022
MONTE ALEGRE DE MINAS_MG,466042.99,313,21392795.139999997,9243185.74,2022
MORENO_PE,690277.29,695,20805875.9,2169138.79,2022
MORRO AGUDO_SP,486141.32,423,21154980.279999997,35086463.55,2022
NOVA ESPERANCA DO SUL_RS,83796.45,29,22840609.47,23801466.1,2022
NOVO HORIZONTE DO OESTE_RO,401813.77,55,22411425.009999998,21457991.2,2022
OLIVEIRA_MG,926198.21,521,28554550.119999997,63958445.49,2022
OSORIO_RS,23702.36,610,36113727.14,158824478.72,2022
PALMEIRA D'OESTE_SP,136563.91,186,20602831.209999997,1335819.03,2022
PARAIBUNA_SP,798110.17,300,20661241.88,80033346.46000001,2022
PARAIPABA_CE,1037296.56,141,24554368.64,42519817.46,2022
PARISI_SP,221667.66,65,22231479.75,21453770.81,2022
PAROBE_RS,358569.39,522,28124382.27,82914313.18,2022
PATOS_PB,794867.72,741,20625735.709999997,14348468.63,2022
PATY DO ALFERES_RJ,805901.62,368,28482736.56,130137050.56,2022
PIAUI_PI,16354313.51,35397,28690588.43,76740828.17,2022
PICOS_PI,837148.62,352,30237013.58,95008294.4,2022
PIRACAIA_SP,721639.86,213,26578828.939999998,117936789.85,2022
POSSE_GO,496973.05,367,21867196.639999997,14120267.96,2022
QUEIMADOS_RJ,2013845.6,561,31744538.79,86296981.82000001,2022
RIACHINHO_MG,105132.32,63,22893915.7,16464038.84,2022
RIBEIRAO PIRES_SP,2073434.45,758,19156156.31,129089883.66,2022
RIO BRILHANTE_MS,1158794.16,252,31528551.93,156917300.66,2022
RIO NEGRINHO_SC,1011717.62,368,35066002.25,143291066.15,2022
SAGRADA FAMILIA_RS,89348.08,21,22274772.259999998,18239660.67,2022
SANTA FE DO SUL_SP,773626.03,482,31795925.4,108864969.79,2022
SANTA MARIA DE JETIBA_ES,498187.63,249,27376201.56,79576675.97,2022
SANTANA DO CARIRI_CE,323533.67,142,21729144.32,23418577.36,2022
SANTO ANDRE_SP,11508477.85,6011,47124297.989999995,823309393.26,2022
SANTO ANTONIO DA PATRULHA_RS,106004.86,480,33868122.21,150054352.95,2022
SAO FRANCISCO DE ASSIS_RS,166668.29,307,24432260.06,35693778.43,2022
SAO JOAO DA LAGOA_MG,181466.8,15,21907923.29,10230678.97,2022
SAO MANUEL_SP,957062.99,449,21102223.299999997,116927367.23,2022
SERRA CAIADA (ANTIGO PRESIDENTE JUSCELINO)_RN,266583.75,52,21000661.13,8825764.8,2022
SOLONOPOLE_CE,350195.42,141,23546092.52,24160235.88,2022
SUME_PB,400859.63,235,21189269.299999997,6416934.64,2022
TAIO_SC,500070.03,200,24030718.229999997,51136583.65000001,2022
TAUA_CE,674993.38,650,22093983.4,12530159.25,2022
TAUBATE_SP,4149775.97,2973,36133835.42,223830564.88,2022
TRAJANO DE MORAES_RJ,712569.95,466,21782053.57,13884269.8,2022
TRES MARIAS_MG,741152.52,412,28100118.31,77491795.21000001,2022
TUPANCIRETA_RS,141261.87,174,28436085.68,82019815.39,2022
TURMALINA_MG,298651.63,151,23794441.11,31743722.11,2022
VARJAO DE MINAS_MG,88555.44,59,21676290.77,13247398.06,2022
VARRE-SAI_RJ,400295.59,305,26053813.529999997,63373851.97,2022
VIANA_ES,806570.59,817,32514175.24,79672487.69,2022
VICOSA_MG,1574223.86,731,26080932.349999998,71109820.03,2022
ALTO PARAISO DE GOIAS_GO,219569.81,123,20940375.65,3197629.03,2023
AMAPORA_PR,162289.06,58,24401495.15,19063749.26,2023
ANDIRA_PR,593907.45,420,28703619.56,58407521.31,2023
AQUIDAUANA_MS,593606.11,406,30021837.919999998,49379176.4,2023
ARMACAO DOS BUZIOS_RJ,1280429.89,164,40313769.36,174569975.12,2023
ASSIS_SP,1448863.33,104,24273316.88,291759540.92,2023
ATALAIA_AL,1094656.73,728,20591352.099999998,16812379.16,2023
BARRO ALTO_GO,476571.51,214,23483591.11,20760033.58,2023
BEBERIBE_CE,1691303.46,415,21641997.229999997,68568503.2,2023
BOA VISTA_RR,2760135.68,744,164502621.58,986207455.29,2023
BOM DESPACHO_MG,661389.06,540,25535822.909999996,37252608.53,2023
CAAPORA_PB,1063820.09,458,20637929.939999998,59254.69,2023
CAARAPO_MS,611975.34,206,30203579.97,60712700.95,2023
CACADOR_SC,1762383.48,657,43723795.849999994,157646466.67,2023
CACHOEIRINHA_PE,322619.08,158,24374517.45,28450576.46,2023
CAMACARI_BA,6105915.9,2236,75005646.11,405626934.57,2023
CANTAGALO_RJ,884142.35,746,24833850.81,24077639.35,2023
CARDOSO MOREIRA_RJ,333070.46,290,37457814.76,119136709.0,2023
CARIRIACU_CE,792357.96,135,27461079.459999997,41399333.16,2023
CERES_GO,424909.65,196,22755401.439999998,16472535.36,2023
CERQUEIRA CESAR_SP,557745.5,254,29678693.64,63080883.86,2023
CHOPINZINHO_PR,275880.4,94,27825221.97,36382506.63,2023
CONCEICAO DE MACABU_RJ,688969.56,438,30995531.759999998,68590466.12,2023
CRATO_CE,1313196.09,677,29437885.479999997,94499727.35,2023
CRUZEIRO DO OESTE_PR,129920.58,277,22622213.299999997,13745012.37,2023
CURITIBANOS_SC,468680.32,497,28617187.57,59850742.61,2023
DEMERVAL LOBAO_PI,184810.09,40,22387448.049999997,12326284.9,2023
DOMINGOS MARTINS_ES,524520.78,277,34715854.18,83027077.53,2023
DUAS BARRAS_RJ,418185.54,284,27507669.689999998,47189199.91,2023
ENTRE-IJUIS_RS,248424.85,179,25710336.759999998,41274665.37,2023
ESCADA_PE,1201467.49,880,20729022.279999997,3182676.05,2023
ESPERA FELIZ_MG,571979.2,242,23148832.669999998,16598976.82,2023
ESPERANTINA_PI,1426422.95,267,23237601.97,31515513.57,2023
ESPIGAO DO OESTE_RO,987137.61,141,32661656.15,85862870.4,2023
EUSEBIO_CE,2182718.56,304,47543597.84,201514199.05,2023
FERNANDOPOLIS_SP,2174415.09,609,40593878.84,153604310.87,2023
FLORIANOPOLIS_SC,4767756.94,4047,20807718.919999998,15432352.11,2023
FORMOSA_GO,772468.31,140,21465029.939999998,14209464.4,2023
FOZ DO IGUACU_PR,5168510.57,3096,93046750.09,484109746.77,2023
GOIANIRA_GO,673764.31,240,30010793.419999998,69794427.44,2023
GOIAS_GO,56720750.89,60939,63792982.78,442677239.39,2023
GONCALVES_MG,218514.66,40,21294690.939999998,4967003.59,2023
HOLAMBRA_SP,561913.68,176,31836498.799999997,89807302.85,2023
IGUATAMA_MG,173204.62,158,20655722.06,1264629.22,2023
IRAUCUBA_CE,699586.85,89,27903441.279999997,51605602.06,2023
ITACURUBA_PE,169766.05,54,23330620.15,20395693.84,2023
ITAPIPOCA_CE,1761957.43,501,31250344.39,168014663.7,2023
IVOTI_RS,12805.74,145,35846960.67,110250308.92,2023
JALES_SP,595821.77,639,24444339.779999997,55928023.09,2023
JANUARIA_MG,1528983.1,332,31273007.849999998,67993468.95,2023
JAPURA_PR,225598.72,130,22779809.09,21500284.49,2023
JARU_RO,1105371.48,362,40935099.94,142401535.57,2023
JOACABA_SC,430595.28,272,30209772.979999997,131785971.94,2023
LAGOA SECA_PB,469187.37,333,20955877.63,4642369.77,2023
LAGOAO_RS,103502.13,107,24359252.24,27180807.21,2023
LIBERDADE_MG,130330.99,126,20513024.91,37650.46,2023
LIMEIRA_SP,3937099.91,2216,21417831.049999997,676493431.84,2023
MAFRA_SC,1218900.76,498,26666570.89,44516093.26,2023
MANGARATIBA_RJ,1265203.61,827,21056705.939999998,3410605.46,2023
MANTENA_MG,656345.9,337,24321772.22,31865058.21,2023
MARABA_PA,3663605.16,1301,131814225.16999999,768553697.88,2023
MARACAJU_MS,1766489.2,390,34283162.91,101167757.37,2023
MARILIA_SP,5143610.32,2587,23241285.99,18021050.92,2023
MARINGA_PR,13122097.45,4191,110952916.05000001,677012023.49,2023
MATO GROSSO_MT,19100376.43,27112,41397719.07,397278150.8,2023
MATO GROSSO DO SUL_MS,31884593.99,27923,24928603.31,79259857.09,2023
MEDIANEIRA_PR,610418.51,520,31811455.78,82663172.41,2023
MILAGRES_CE,591045.6,56,26433202.869999997,41138350.05,2023
MINACU_GO,1006184.35,436,22363809.509999998,13645380.0,2023
MIRA ESTRELA_SP,82115.34,74,24412964.89,27749402.56,2023
MONTE ALEGRE DE MINAS_MG,548325.37,336,21613032.849999998,9755348.76,2023
MORENO_PE,744726.82,711,21003356.36,3650573.35,2023
MORRO AGUDO_SP,560359.71,485,24866025.7,39194418.59,2023
NOVA ESPERANCA DO SUL_RS,137604.56,36,24135871.59,27013500.03,2023
NOVO HORIZONTE DO OESTE_RO,320471.4,59,24565775.549999997,26280140.91,2023
OLIVEIRA_MG,1087084.17,510,32783011.24,76181534.7,2023
OSORIO_RS,25467.38,619,46811293.14,192442074.85,2023
PALMEIRA D'OESTE_SP,103248.96,190,20820655.669999998,708710.98,2023
PARAIBUNA_SP,749819.36,325,21213128.669999998,85684315.85,2023
PARAIPABA_CE,924923.52,191,27816667.36,51147886.46,2023
PARISI_SP,226931.22,75,23833378.119999997,23679033.94,2023
PAROBE_RS,347706.61,651,32888673.729999997,94601858.51,2023
PATOS_PB,835266.4,767,22594915.369999997,21063032.71,2023
PATY DO ALFERES_RJ,938667.98,385,39884399.44,137334200.67,2023
PIAUI_PI,21998364.0,39768,37593959.08,102040247.27,2023
PICOS_PI,917088.16,385,36004258.839999996,116840356.41,2023
PIRACAIA_SP,796962.23,242,29158890.939999998,127151374.7,2023
POSSE_GO,490329.54,396,22730158.47,15248882.91,2023
QUEIMADOS_RJ,2607136.26,529,41579487.129999995,116772245.95,2023
RIACHINHO_MG,113763.51,74,23384285.409999996,18583075.39,2023
RIBEIRAO PIRES_SP,315280.19,814,22701292.349999998,139440277.75,2023
RIO BRILHANTE_MS,1075760.83,277,45464171.2,173844695.02,2023
RIO NEGRINHO_SC,1187719.52,401,39194051.66,164258386.98,2023
SAGRADA FAMILIA_RS,107982.23,27,23296895.409999996,20970834.51,2023
SANTA FE DO SUL_SP,956181.24,497,38482346.72,126918822.91,2023
SANTA MARIA DE JETIBA_ES,950059.15,252,32149883.009999998,88347350.25,2023
SANTANA DO CARIRI_CE,369839.57,160,24401823.27,30917982.64,2023
SANTO ANDRE_SP,12134650.95,6049,129439179.96000001,815301243.37,2023
SANTO ANTONIO DA PATRULHA_RS,136923.42,513,42988474.099999994,170807498.79,2023
SAO FRANCISCO DE ASSIS_RS,197040.8,318,25276073.34,38590709.2,2023
SAO JOAO DA LAGOA_MG,221780.94,16,22086915.75,11522325.11,2023
SAO MANUEL_SP,1032536.1,479,37926446.2,121321668.2,2023
SERRA CAIADA (ANTIGO PRESIDENTE JUSCELINO)_RN,280472.79,52,22277913.83,11656719.1,2023
SOLONOPOLE_CE,255843.34,161,23636335.39,33642620.84,2023
SUME_PB,517471.86,197,21670197.7,8203709.88,2023
TAIO_SC,579650.29,205,26770588.82,56352773.53,2023
TAUA_CE,799648.82,566,22379567.169999998,17061569.59,2023
TAUBATE_SP,4710820.71,3097,46264074.92,206895549.3,2023
TRAJANO DE MORAES_RJ,350607.35,490,22792563.669999998,18571136.44,2023
TRES MARIAS_MG,923135.81,435,35682495.2,84205880.63,2023
TUPANCIRETA_RS,310175.47,280,33880235.39,95496034.47,2023
TURMALINA_MG,323714.8,173,25297450.619999997,36518348.58,2023
VARJAO DE MINAS_MG,131551.75,62,22643887.57,14971798.97,2023
VARRE-SAI_RJ,440180.96,107,31434409.97,66349410.84,2023
VIANA_ES,806964.04,850,38935263.42,96006641.48,2023
VICOSA_MG,2348802.35,748,34509903.72,84366912.94,2023
ALTO PARAISO DE GOIAS_GO,240667.8,129,20602194.119999997,3623166.49,2024
AMAPORA_PR,151553.55,56,22749848.06,21957761.53,2024
ANDIRA_PR,722469.31,447,23042402.049999997,68375010.24,2024
AQUIDAUANA_MS,809212.5,412,21389790.68,48542452.36,2024
ARMACAO DOS BUZIOS_RJ,1288271.94,187,39792300.79,230588968.97,2024
ASSIS_SP,1685726.01,130,25235421.64,341875238.78,2024
ATALAIA_AL,423601.4,739,20542317.32,741437.86,2024
BARRO ALTO_GO,502425.82,217,22243829.91,28947742.84,2024
BEBERIBE_CE,1656369.73,424,25873783.59,75584344.9,2024
BOA VISTA_RR,3933743.25,780,104485877.02000001,1197851278.09,2024
BOM DESPACHO_MG,682305.8,549,22194354.58,43856820.56,2024
CAAPORA_PB,1128540.71,472,20553835.689999998,1160458.56,2024
CAARAPO_MS,691315.81,214,23999509.099999998,73241831.78,2024
CACADOR_SC,2006036.57,688,39238924.7,181864876.6,2024
CACHOEIRINHA_PE,326990.99,170,23085670.099999998,34563529.81,2024
CAMACARI_BA,6994644.53,2295,78876177.62,470796561.21,2024
CANTAGALO_RJ,796040.56,764,23624719.09,30701797.41,2024
CARDOSO MOREIRA_RJ,330049.41,319,31825166.07,137508793.56,2024
CARIRIACU_CE,882647.8,182,25939909.189999998,56483710.99,2024
CERES_GO,509976.44,244,22503037.869999997,24163359.13,2024
CERQUEIRA CESAR_SP,578692.45,267,28758332.619999997,78339301.62,2024
CHOPINZINHO_PR,100324.25,105,26067569.11,51324084.83,2024
CONCEICAO DE MACABU_RJ,726261.07,463,25861232.5,81155834.01,2024
CRATO_CE,1587305.28,838,29823643.299999997,118381109.78,2024
CRUZEIRO DO OESTE_PR,81142.24,279,21359691.91,16058012.1,2024
CURITIBANOS_SC,433862.48,522,22026837.959999997,72878952.21,2024
DEMERVAL LOBAO_PI,176480.76,43,21837068.08,17980221.22,2024
DOMINGOS MARTINS_ES,478428.27,302,29503425.339999996,97015684.83,2024
DUAS BARRAS_RJ,488690.81,314,22577407.299999997,55692193.55,2024
ENTRE-IJUIS_RS,271402.8,193,24021764.799999997,44083961.71,2024
ESCADA_PE,712046.14,900,20847433.369999997,1492707.78,2024
ESPERA FELIZ_MG,360297.91,249,21630440.099999998,20687714.4,2024
ESPERANTINA_PI,153114.33,265,21979180.259999998,39495482.95,2024
ESPIGAO DO OESTE_RO,578123.28,147,26048934.759999998,101194973.56,2024
EUSEBIO_CE,2686611.66,319,39742610.78,238959742.55,2024
FERNANDOPOLIS_SP,2343519.99,623,33732811.91,189996485.72,2024
FLORIANOPOLIS_SC,4696038.83,3829,20613907.16,31055818.97,2024
FORMOSA_GO,974982.31,505,20452461.88,11394315.5,2024
FOZ DO IGUACU_PR,6056386.59,3258,38542301.16,542033716.92,2024
GOIANIRA_GO,822859.2,251,27695249.919999998,92033661.44,2024
GOIAS_GO,64566089.88,62029,93399888.35999998,799291833.9,2024
GONCALVES_MG,244757.7,48,21236475.119999997,7659956.72,2024
HOLAMBRA_SP,520189.89,32,27757377.409999996,101526196.01,2024
IGUATAMA_MG,200855.83,161,20587878.599999998,710155.34,2024
IRAUCUBA_CE,707129.02,89,26257016.27,64634249.05,2024
ITACURUBA_PE,207097.98,9,21673860.56,24310983.15,2024
ITAPIPOCA_CE,2032385.36,722,33431108.759999998,218559431.92,2024
IVOTI_RS,35791.4,165,30002216.86,133409925.53,2024
JALES_SP,1045574.69,651,24815288.549999997,65672044.5,2024
JANUARIA_MG,829051.05,377,29678199.089999996,90709779.91,2024
JAPURA_PR,373647.75,135,21725563.479999997,25188134.15,2024
JARU_RO,1158408.3,386,30550473.259999998,171464865.41,2024
JOACABA_SC,528589.12,289,29648813.669999998,154379065.98,2024
LAGOA SECA_PB,573294.39,370,20674227.24,2073877.91,2024
LAGOAO_RS,144742.51,122,22907059.32,31789622.91,2024
LIBERDADE_MG,125082.18,132,20511915.18,23798.78,2024
LIMEIRA_SP,3993476.41,2372,63186047.9,815877561.13,2024
MAFRA_SC,1433420.04,520,25982249.58,60049173.18,2024
MANGARATIBA_RJ,1371782.09,872,20933681.54,2994801.67,2024
MANTENA_MG,671546.53,356,23625252.2,35180628.12,2024
MARABA_PA,3189078.85,1390,66276550.24,969746901.3,2024
MARACAJU_MS,1990303.49,399,27208238.34,118723120.08,2024
MARILIA_SP,3281278.87,2642,21401408.08,19172288.02,2024
MARINGA_PR,14657144.65,4529,123484988.0,867894292.14,2024
MATO GROSSO_MT,36221000.35,30072,49463018.18,976128138.72,2024
MATO GROSSO DO SUL_MS,10702328.66,27756,33790115.92,435911176.18,2024
MEDIANEIRA_PR,718212.66,548,32678449.88,108595135.98,2024
MILAGRES_CE,794203.56,87,26219360.02,54713898.94,2024
MINACU_GO,1147191.81,445,22267769.06,17565718.53,2024
MIRA ESTRELA_SP,93027.5,80,22615533.81,32968084.93,2024
MONTE ALEGRE DE MINAS_MG,610665.5,360,21262508.439999998,9718149.1,2024
MORENO_PE,795126.42,709,20741243.049999997,3910989.82,2024
MORRO AGUDO_SP,470072.21,456,23464297.18,49684406.41,2024
NOVA ESPERANCA DO SUL_RS,143289.43,38,23218192.77,31497096.43,2024
NOVO HORIZONTE DO OESTE_RO,341156.38,60,23175997.45,32540761.73,2024
OLIVEIRA_MG,1286510.01,564,29490803.339999996,97392400.13,2024
OSORIO_RS,32995.97,620,41285364.95,225169192.16,2024
PALMEIRA D'OESTE_SP,68910.87,177,20563630.439999998,893844.6,2024
PARAIBUNA_SP,631892.26,343,31270976.269999996,102340552.84,2024
PARAIPABA_CE,677817.32,197,23322885.4,62123374.05,2024
PARISI_SP,311790.8,83,22571942.33,27000367.04,2024
PAROBE_RS,365456.33,660,37667270.94,110296659.38,2024
PATOS_PB,1198468.22,728,22487883.08,31315328.46,2024
PATY DO ALFERES_RJ,912641.32,410,32917330.939999998,156677114.25,2024
PIAUI_PI,37822444.52,38328,39085327.379999995,125415502.87,2024
PICOS_PI,1076325.55,396,28233300.409999996,139976857.99,2024
PIRACAIA_SP,908542.4,270,33791888.32,149404184.77,2024
POSSE_GO,558102.86,428,21477116.619999997,20737344.96,2024
QUEIMADOS_RJ,917861.16,684,34728806.45,145600126.79,2024
RIACHINHO_MG,120500.19,84,22202750.61,20824737.67,2024
RIBEIRAO PIRES_SP,1934653.96,915,30360604.769999996,164669083.38,2024
RIO BRILHANTE_MS,1557600.11,312,29410043.689999998,201972155.87,2024
RIO NEGRINHO_SC,1188234.47,445,39125129.95999999,185970965.59,2024
SAGRADA FAMILIA_RS,111018.83,31,22310550.86,24532323.81,2024
SANTA FE DO SUL_SP,1037106.31,505,34845321.54,150381681.54,2024
SANTA MARIA DE JETIBA_ES,1083654.78,258,26292663.47,106514804.59,2024
SANTANA DO CARIRI_CE,419273.81,157,23631439.56,34636184.72,2024
SANTO ANDRE_SP,12659844.09,6152,176811859.33,877437224.95,2024
SANTO ANTONIO DA PATRULHA_RS,218990.11,534,35688032.55,197006283.71,2024
SAO FRANCISCO DE ASSIS_RS,185399.48,326,24020409.63,41866694.98,2024
SAO JOAO DA LAGOA_MG,258749.07,22,21630394.27,13888407.79,2024
SAO MANUEL_SP,1155972.13,506,29546823.13,139811027.02,2024
SERRA CAIADA (ANTIGO PRESIDENTE JUSCELINO)_RN,345692.55,54,21781337.07,16139481.57,2024
SOLONOPOLE_CE,409802.6,176,24010016.979999997,44256989.72,2024
SUME_PB,151991.95,243,20648287.29,11058170.88,2024
TAIO_SC,753864.1,216,26142340.919999998,65446837.51,2024
TAUA_CE,867166.26,704,21719538.049999997,15416882.18,2024
TAUBATE_SP,5105639.06,3048,35358441.36,186655446.37,2024
TRAJANO DE MORAES_RJ,1077304.04,518,21480801.09,17352620.23,2024
TRES MARIAS_MG,1235197.03,460,30885815.979999997,97931400.72,2024
TUPANCIRETA_RS,571677.0,275,27960544.279999997,112841565.1,2024
TURMALINA_MG,245853.97,184,23296117.31,41487494.24,2024
VARJAO DE MINAS_MG,117941.8,73,21533196.049999997,17280133.55,2024
VARRE-SAI_RJ,443480.3,293,26393626.65,77403138.77,2024
VIANA_ES,921863.82,858,32145871.759999998,119813945.13,2024
VICOSA_MG,2167787.94,728,24926393.64,107252099.25,2024
