"RPPS","Ano","Grupo","Eficiencia"
"AGUAS BELAS_PE",2019,"_2019",0.615521631773719
"ALEGRETE_RS",2019,"_2019",0.720230127526523
"ALEGRIA_RS",2019,"_2019",0.948843001838319
"ALEM PARAIBA_MG",2019,"_2019",0.878539904365322
"ALTONIA_PR",2019,"_2019",0.829970032441608
"AMERICANA_SP",2019,"_2019",0.647135994210459
"ANAPOLIS_GO",2019,"_2019",0.683002191972152
"ANDIRA_PR",2019,"_2019",0.713987286624934
"ANTONIO CARLOS_SC",2019,"_2019",0.866383201866788
"ANTONIO PRADO_RS",2019,"_2019",0.787626187636318
"AQUIDAUANA_MS",2019,"_2019",0.688940443254662
"ARACAJU_SE",2019,"_2019",1
"ARACARIGUAMA_SP",2019,"_2019",0.801193141176095
"ARMACAO DOS BUZIOS_RJ",2019,"_2019",0.60262836929371
"ASSIS_SP",2019,"_2019",0.983796072405402
"BAHIA_BA",2019,"_2019",1
"BALNEARIO BARRA DO SUL_SC",2019,"_2019",0.854329446595586
"BARRA VELHA_SC",2019,"_2019",0.653277461022006
"BEBERIBE_CE",2019,"_2019",0.611274286160126
"BIGUACU_SC",2019,"_2019",0.686643776924303
"BOA VISTA_PB",2019,"_2019",0.9554704629525
"BOM DESPACHO_MG",2019,"_2019",0.658450659945491
"BRASILIA DE MINAS_MG",2019,"_2019",1
"BURITICUPU_MA",2019,"_2019",0.935445068924289
"CABO FRIO_RJ",2019,"_2019",1
"CACADOR_SC",2019,"_2019",0.731746494167801
"CAMACARI_BA",2019,"_2019",0.646900904524115
"CAMPINA GRANDE DO SUL_PR",2019,"_2019",0.817181796951078
"CAMPO GRANDE_MS",2019,"_2019",0.505388909496062
"CAMPO MAIOR_PI",2019,"_2019",0.6912015897492
"CANARANA_MT",2019,"_2019",0.681879422661328
"CANGUCU_RS",2019,"_2019",0.844239252443931
"CANOINHAS_SC",2019,"_2019",0.529912678480811
"CANTAGALO_RJ",2019,"_2019",0.814639731684161
"CARMO DO CAJURU_MG",2019,"_2019",0.78999988081706
"CAXIAS DO SUL_RS",2019,"_2019",0.631085308414773
"CERQUEIRA CESAR_SP",2019,"_2019",0.6333027111031
"COLINAS DO TOCANTINS_TO",2019,"_2019",0.840774306575823
"CONTAGEM_MG",2019,"_2019",0.614212196350114
"CRATO_CE",2019,"_2019",0.581876858440397
"DIADEMA_SP",2019,"_2019",0.939292710994349
"DUAS BARRAS_RJ",2019,"_2019",1
"ENCRUZILHADA DO SUL_RS",2019,"_2019",0.637443991489887
"FAXINAL DO SOTURNO_RS",2019,"_2019",0.967050742479377
"FEIRA DE SANTANA_BA",2019,"_2019",0.404038753008179
"FERNANDOPOLIS_SP",2019,"_2019",0.642106879826232
"FERNAO_SP",2019,"_2019",0.965881962243929
"FLORIANOPOLIS_SC",2019,"_2019",0.650065400789265
"FOZ DO IGUACU_PR",2019,"_2019",0.936926811820263
"FRANCISCO SA_MG",2019,"_2019",0.817703737250281
"FREDERICO WESTPHALEN_RS",2019,"_2019",0.726315751962429
"GARANHUNS_PE",2019,"_2019",0.560170642524144
"GUAJARA-MIRIM_RO",2019,"_2019",0.646172915073954
"GUARANTA DO NORTE_MT",2019,"_2019",0.679411090769021
"HOLAMBRA_SP",2019,"_2019",0.786292537333505
"IBIACA_RS",2019,"_2019",0.88051260378753
"IBIRUBA_RS",2019,"_2019",0.727806873176266
"ICARA_SC",2019,"_2019",0.686843083232671
"IGUABA GRANDE_RJ",2019,"_2019",0.903049544702134
"ILHA SOLTEIRA_SP",2019,"_2019",1
"INDAIAL_SC",2019,"_2019",0.659007488454173
"IRAUCUBA_CE",2019,"_2019",0.828264052595637
"ITACURUBA_PE",2019,"_2019",0.965941309255236
"ITAITINGA_CE",2019,"_2019",0.686369194957954
"ITAPEVA_SP",2019,"_2019",0.779396221524874
"ITAPIRA_SP",2019,"_2019",0.624126709586604
"ITAREMA_CE",2019,"_2019",0.677829281059352
"ITUIUTABA_MG",2019,"_2019",0.73444386630139
"ITUVERAVA_SP",2019,"_2019",0.828597063430582
"IVINHEMA_MS",2019,"_2019",0.796877775743649
"IVOTI_RS",2019,"_2019",0.637936597901468
"JACOBINA_BA",2019,"_2019",0.554647193893198
"JAGUARIUNA_SP",2019,"_2019",0.753957765436563
"JALES_SP",2019,"_2019",0.592750902484176
"JAPURA_PR",2019,"_2019",0.917080217615403
"JUATUBA_MG",2019,"_2019",0.696002576301185
"LAGOA VERMELHA_RS",2019,"_2019",0.60351929429139
"LAJEADO_RS",2019,"_2019",0.525498894635564
"LAPA_PR",2019,"_2019",0.690891347821526
"LONDRINA_PR",2019,"_2019",0.535818789034166
"LUCAS DO RIO VERDE_MT",2019,"_2019",0.704591399784177
"LUIS CORREIA_PI",2019,"_2019",0.724583435140485
"MAFRA_SC",2019,"_2019",0.76616917755161
"MAIRIPORA_SP",2019,"_2019",0.841716116914139
"MARACAJU_MS",2019,"_2019",0.627796253531417
"MARIANA_MG",2019,"_2019",0.874773216487657
"MATO GROSSO_MT",2019,"_2019",0.689774698006922
"MILAGRES_CE",2019,"_2019",0.697698423028909
"MORADA NOVA_CE",2019,"_2019",0.563539546856687
"NATAL_RN",2019,"_2019",1
"NITEROI_RJ",2019,"_2019",0.927933754516934
"NOVA ANDRADINA_MS",2019,"_2019",0.627425366475901
"NOVA ESPERANCA DO SUL_RS",2019,"_2019",1
"NOVA FRIBURGO_RJ",2019,"_2019",1
"NOVA PRATA_RS",2019,"_2019",0.714014251527781
"NOVA PRATA DO IGUACU_PR",2019,"_2019",0.825226209519495
"NOVA ROMA DO SUL_RS",2019,"_2019",0.889874372473673
"NOVA SANTA RITA_RS",2019,"_2019",0.699251574982058
"NOVO LINO_AL",2019,"_2019",0.775016138429007
"OLIVEIRA_MG",2019,"_2019",0.716012959248507
"OURO PRETO DO OESTE_RO",2019,"_2019",0.733876379551523
"PANAMBI_RS",2019,"_2019",1
"PARAIBA_PB",2019,"_2019",1
"PARANAVAI_PR",2019,"_2019",0.732293571189339
"PARAOPEBA_MG",2019,"_2019",0.807475782835717
"PARISI_SP",2019,"_2019",1
"PATROCINIO_MG",2019,"_2019",0.590886528225928
"PATY DO ALFERES_RJ",2019,"_2019",1
"PELOTAS_RS",2019,"_2019",0.617135884077231
"PERUIBE_SP",2019,"_2019",0.65433960675329
"PIAUI_PI",2019,"_2019",0.747119006073555
"PINHEIRAL_RJ",2019,"_2019",0.832951919244363
"PIRAQUARA_PR",2019,"_2019",0.859556082580341
"PITANGUEIRAS_SP",2019,"_2019",0.682085799227661
"PONTAO_RS",2019,"_2019",0.868417385063114
"PORTO FELIZ_SP",2019,"_2019",0.897736685996857
"PORTO FERREIRA_SP",2019,"_2019",0.795600062616476
"PORTO UNIAO_SC",2019,"_2019",0.859180210752649
"QUATIS_RJ",2019,"_2019",0.82580930225831
"QUATRO BARRAS_PR",2019,"_2019",0.653729389217898
"QUITANDINHA_PR",2019,"_2019",0.810622193442597
"REDENCAO_PA",2019,"_2019",0.513234141394916
"RIO BRILHANTE_MS",2019,"_2019",0.683011080331682
"RIO GRANDE DO NORTE_RN",2019,"_2019",0.60447424727293
"RIO NEGRINHO_SC",2019,"_2019",0.915109966260661
"ROLIM DE MOURA_RO",2019,"_2019",0.746226997296554
"SANTA CATARINA_SC",2019,"_2019",1
"SANTA MARIA DE JETIBA_ES",2019,"_2019",0.825225305971958
"SANTANA DO ITARARE_PR",2019,"_2019",0.922421191539127
"SANTO ANTONIO DA PATRULHA_RS",2019,"_2019",0.639894823444011
"SAO BORJA_RS",2019,"_2019",0.803323462823987
"SAO FRANCISCO DO CONDE_BA",2019,"_2019",0.499812886243244
"SAO FRANCISCO DO GUAPORE_RO",2019,"_2019",0.878859481594632
"SAO JOAO DA LAGOA_MG",2019,"_2019",1
"SAO JOSE DO CALCADO_ES",2019,"_2019",1
"SAO MANUEL_SP",2019,"_2019",0.626052489678989
"SAO PEDRO DA ALDEIA_RJ",2019,"_2019",0.585198540263618
"SAO SEBASTIAO DO CAI_RS",2019,"_2019",0.774376961204684
"SARZEDO_MG",2019,"_2019",0.764415069956945
"TAIO_SC",2019,"_2019",0.896563685383432
"TAPEJARA_PR",2019,"_2019",0.896536850348588
"TAUBATE_SP",2019,"_2019",0.694225408910662
"TEOFILO OTONI_MG",2019,"_2019",0.712201429873087
"TRES DE MAIO_RS",2019,"_2019",0.60356826591339
"TRES MARIAS_MG",2019,"_2019",0.877443853122549
"UNAI_MG",2019,"_2019",0.589174336803338
"VALENCA_RJ",2019,"_2019",0.526440114666191
"VARRE-SAI_RJ",2019,"_2019",0.901876142260921
"VIRADOURO_SP",2019,"_2019",0.847251103928422
"VOTUPORANGA_SP",2019,"_2019",0.654571382475305
"AGUAS BELAS_PE",2020,"_2020",0.69177416970731
"ALEGRETE_RS",2020,"_2020",0.833478071783657
"ALEGRIA_RS",2020,"_2020",0.970213521651016
"ALEM PARAIBA_MG",2020,"_2020",0.810311905729417
"ALTONIA_PR",2020,"_2020",0.830115939509573
"AMERICANA_SP",2020,"_2020",0.781558663225444
"ANAPOLIS_GO",2020,"_2020",0.45848972152984
"ANDIRA_PR",2020,"_2020",0.772156965277422
"ANTONIO CARLOS_SC",2020,"_2020",0.875527924555724
"ANTONIO PRADO_RS",2020,"_2020",0.817543107323034
"AQUIDAUANA_MS",2020,"_2020",0.88160636529956
"ARACAJU_SE",2020,"_2020",1
"ARACARIGUAMA_SP",2020,"_2020",1
"ARMACAO DOS BUZIOS_RJ",2020,"_2020",0.65423089746745
"ASSIS_SP",2020,"_2020",0.927170933481307
"BAHIA_BA",2020,"_2020",1
"BALNEARIO BARRA DO SUL_SC",2020,"_2020",0.880040953156655
"BARRA VELHA_SC",2020,"_2020",0.718368986096614
"BEBERIBE_CE",2020,"_2020",0.7154689434409
"BIGUACU_SC",2020,"_2020",0.739293996329215
"BOA VISTA_PB",2020,"_2020",0.962492491814409
"BOM DESPACHO_MG",2020,"_2020",0.675529406295302
"BRASILIA DE MINAS_MG",2020,"_2020",0.922261575241979
"BURITICUPU_MA",2020,"_2020",0.794025834456327
"CABO FRIO_RJ",2020,"_2020",1
"CACADOR_SC",2020,"_2020",0.731679460660983
"CAMACARI_BA",2020,"_2020",1
"CAMPINA GRANDE DO SUL_PR",2020,"_2020",1
"CAMPO GRANDE_MS",2020,"_2020",0.439826175098758
"CAMPO MAIOR_PI",2020,"_2020",0.852124641201378
"CANARANA_MT",2020,"_2020",0.764760637383542
"CANGUCU_RS",2020,"_2020",0.913252695719329
"CANOINHAS_SC",2020,"_2020",0.799900169771083
"CANTAGALO_RJ",2020,"_2020",0.773176597974383
"CARMO DO CAJURU_MG",2020,"_2020",0.804027866622245
"CAXIAS DO SUL_RS",2020,"_2020",0.635605167324613
"CERQUEIRA CESAR_SP",2020,"_2020",0.653513866180586
"COLINAS DO TOCANTINS_TO",2020,"_2020",0.885663983930232
"CONTAGEM_MG",2020,"_2020",0.621961448937756
"CRATO_CE",2020,"_2020",0.765449389794239
"DIADEMA_SP",2020,"_2020",0.877472180140441
"DUAS BARRAS_RJ",2020,"_2020",0.916404795616767
"ENCRUZILHADA DO SUL_RS",2020,"_2020",0.774077128993711
"FAXINAL DO SOTURNO_RS",2020,"_2020",0.929986387215632
"FEIRA DE SANTANA_BA",2020,"_2020",0.390022534166773
"FERNANDOPOLIS_SP",2020,"_2020",0.563501671339011
"FERNAO_SP",2020,"_2020",0.949666229276092
"FLORIANOPOLIS_SC",2020,"_2020",0.646163583141964
"FOZ DO IGUACU_PR",2020,"_2020",0.875890530901234
"FRANCISCO SA_MG",2020,"_2020",0.877764698997235
"FREDERICO WESTPHALEN_RS",2020,"_2020",0.82287716117969
"GARANHUNS_PE",2020,"_2020",0.552204302937873
"GUAJARA-MIRIM_RO",2020,"_2020",0.855714019004609
"GUARANTA DO NORTE_MT",2020,"_2020",0.720065803189778
"HOLAMBRA_SP",2020,"_2020",0.848970452402739
"IBIACA_RS",2020,"_2020",0.878175952374914
"IBIRUBA_RS",2020,"_2020",0.78411842736149
"ICARA_SC",2020,"_2020",0.891071108928675
"IGUABA GRANDE_RJ",2020,"_2020",0.878099258405328
"ILHA SOLTEIRA_SP",2020,"_2020",1
"INDAIAL_SC",2020,"_2020",0.721840987993851
"IRAUCUBA_CE",2020,"_2020",0.879637467832459
"ITACURUBA_PE",2020,"_2020",0.997477046122558
"ITAITINGA_CE",2020,"_2020",0.725571777968537
"ITAPEVA_SP",2020,"_2020",0.834890591041712
"ITAPIRA_SP",2020,"_2020",0.654940483571542
"ITAREMA_CE",2020,"_2020",1
"ITUIUTABA_MG",2020,"_2020",0.712445402681052
"ITUVERAVA_SP",2020,"_2020",0.929299927345923
"IVINHEMA_MS",2020,"_2020",0.788462286915698
"IVOTI_RS",2020,"_2020",0.753429444754584
"JACOBINA_BA",2020,"_2020",0.654279159001418
"JAGUARIUNA_SP",2020,"_2020",0.822880502166824
"JALES_SP",2020,"_2020",0.7347645402351
"JAPURA_PR",2020,"_2020",0.874557850896383
"JUATUBA_MG",2020,"_2020",0.714498878067862
"LAGOA VERMELHA_RS",2020,"_2020",0.74250178751395
"LAJEADO_RS",2020,"_2020",0.568481665744767
"LAPA_PR",2020,"_2020",0.668799181776731
"LONDRINA_PR",2020,"_2020",0.457607328594188
"LUCAS DO RIO VERDE_MT",2020,"_2020",0.738866964235673
"LUIS CORREIA_PI",2020,"_2020",0.753484077249525
"MAFRA_SC",2020,"_2020",0.731238223705783
"MAIRIPORA_SP",2020,"_2020",0.939387821088991
"MARACAJU_MS",2020,"_2020",0.858990520901177
"MARIANA_MG",2020,"_2020",0.882654142609436
"MATO GROSSO_MT",2020,"_2020",0.567285500112443
"MILAGRES_CE",2020,"_2020",0.952381723309239
"MORADA NOVA_CE",2020,"_2020",0.645543999518337
"NATAL_RN",2020,"_2020",1
"NITEROI_RJ",2020,"_2020",1
"NOVA ANDRADINA_MS",2020,"_2020",0.678399324138873
"NOVA ESPERANCA DO SUL_RS",2020,"_2020",0.957448258008708
"NOVA FRIBURGO_RJ",2020,"_2020",1
"NOVA PRATA_RS",2020,"_2020",0.894922513837119
"NOVA PRATA DO IGUACU_PR",2020,"_2020",0.907273387122086
"NOVA ROMA DO SUL_RS",2020,"_2020",0.882049735162124
"NOVA SANTA RITA_RS",2020,"_2020",0.80086571560425
"NOVO LINO_AL",2020,"_2020",0.870742815716067
"OLIVEIRA_MG",2020,"_2020",0.809309785838228
"OURO PRETO DO OESTE_RO",2020,"_2020",0.852715518092857
"PANAMBI_RS",2020,"_2020",1
"PARAIBA_PB",2020,"_2020",1
"PARANAVAI_PR",2020,"_2020",0.786747173747332
"PARAOPEBA_MG",2020,"_2020",0.861645800430175
"PARISI_SP",2020,"_2020",0.950781302672548
"PATROCINIO_MG",2020,"_2020",0.732200626142651
"PATY DO ALFERES_RJ",2020,"_2020",1
"PELOTAS_RS",2020,"_2020",0.557890228567045
"PERUIBE_SP",2020,"_2020",0.856207584806732
"PIAUI_PI",2020,"_2020",0.727666069110496
"PINHEIRAL_RJ",2020,"_2020",0.905261264511692
"PIRAQUARA_PR",2020,"_2020",0.830572042844355
"PITANGUEIRAS_SP",2020,"_2020",0.795628847414159
"PONTAO_RS",2020,"_2020",0.891306174252656
"PORTO FELIZ_SP",2020,"_2020",0.985708719029522
"PORTO FERREIRA_SP",2020,"_2020",0.721075205375918
"PORTO UNIAO_SC",2020,"_2020",0.947161886474441
"QUATIS_RJ",2020,"_2020",0.850785605672047
"QUATRO BARRAS_PR",2020,"_2020",0.736620058673884
"QUITANDINHA_PR",2020,"_2020",0.811221342016247
"REDENCAO_PA",2020,"_2020",0.584941452348961
"RIO BRILHANTE_MS",2020,"_2020",0.696074078600254
"RIO GRANDE DO NORTE_RN",2020,"_2020",0.595865779634225
"RIO NEGRINHO_SC",2020,"_2020",0.871822572881663
"ROLIM DE MOURA_RO",2020,"_2020",0.809070307255865
"SANTA CATARINA_SC",2020,"_2020",1
"SANTA MARIA DE JETIBA_ES",2020,"_2020",0.883908735667701
"SANTANA DO ITARARE_PR",2020,"_2020",0.911740366401301
"SANTO ANTONIO DA PATRULHA_RS",2020,"_2020",0.798301163391443
"SAO BORJA_RS",2020,"_2020",0.828977215818043
"SAO FRANCISCO DO CONDE_BA",2020,"_2020",0.600534596094289
"SAO FRANCISCO DO GUAPORE_RO",2020,"_2020",0.928782371480012
"SAO JOAO DA LAGOA_MG",2020,"_2020",1
"SAO JOSE DO CALCADO_ES",2020,"_2020",1
"SAO MANUEL_SP",2020,"_2020",0.723902671974266
"SAO PEDRO DA ALDEIA_RJ",2020,"_2020",0.780738704272277
"SAO SEBASTIAO DO CAI_RS",2020,"_2020",0.83638036427371
"SARZEDO_MG",2020,"_2020",0.873233774097419
"TAIO_SC",2020,"_2020",0.900717125690274
"TAPEJARA_PR",2020,"_2020",0.923791552633032
"TAUBATE_SP",2020,"_2020",0.757450677516518
"TEOFILO OTONI_MG",2020,"_2020",0.887991195340815
"TRES DE MAIO_RS",2020,"_2020",0.70995819191158
"TRES MARIAS_MG",2020,"_2020",0.813767733822395
"UNAI_MG",2020,"_2020",0.644719813338706
"VALENCA_RJ",2020,"_2020",0.761096962787105
"VARRE-SAI_RJ",2020,"_2020",0.865649626991646
"VIRADOURO_SP",2020,"_2020",0.850815973994419
"VOTUPORANGA_SP",2020,"_2020",0.740379253461875
"AGUAS BELAS_PE",2021,"_2021",0.833273819518418
"ALEGRETE_RS",2021,"_2021",0.838647815024644
"ALEGRIA_RS",2021,"_2021",0.994663333405089
"ALEM PARAIBA_MG",2021,"_2021",0.911134450121189
"ALTONIA_PR",2021,"_2021",0.978127141637449
"AMERICANA_SP",2021,"_2021",0.784444587982741
"ANAPOLIS_GO",2021,"_2021",0.542336514208039
"ANDIRA_PR",2021,"_2021",0.811888431914633
"ANTONIO CARLOS_SC",2021,"_2021",0.942756449032171
"ANTONIO PRADO_RS",2021,"_2021",0.910503371702058
"AQUIDAUANA_MS",2021,"_2021",0.938985925989847
"ARACAJU_SE",2021,"_2021",1
"ARACARIGUAMA_SP",2021,"_2021",0.838591822478973
"ARMACAO DOS BUZIOS_RJ",2021,"_2021",0.730597220745542
"ASSIS_SP",2021,"_2021",1
"BAHIA_BA",2021,"_2021",1
"BALNEARIO BARRA DO SUL_SC",2021,"_2021",0.895149282991314
"BARRA VELHA_SC",2021,"_2021",0.847665473163642
"BEBERIBE_CE",2021,"_2021",0.831037970358218
"BIGUACU_SC",2021,"_2021",0.891462301931075
"BOA VISTA_PB",2021,"_2021",0.945134800573743
"BOM DESPACHO_MG",2021,"_2021",0.791114804478909
"BRASILIA DE MINAS_MG",2021,"_2021",0.926223871328881
"BURITICUPU_MA",2021,"_2021",0.839914954711275
"CABO FRIO_RJ",2021,"_2021",0.619737630366407
"CACADOR_SC",2021,"_2021",0.796873139477947
"CAMACARI_BA",2021,"_2021",0.740597400314261
"CAMPINA GRANDE DO SUL_PR",2021,"_2021",0.81418152509843
"CAMPO GRANDE_MS",2021,"_2021",0.506455590718206
"CAMPO MAIOR_PI",2021,"_2021",0.827351538379803
"CANARANA_MT",2021,"_2021",0.907756898047281
"CANGUCU_RS",2021,"_2021",0.950350570761434
"CANOINHAS_SC",2021,"_2021",0.911896926774441
"CANTAGALO_RJ",2021,"_2021",0.945492761580706
"CARMO DO CAJURU_MG",2021,"_2021",0.880547588273896
"CAXIAS DO SUL_RS",2021,"_2021",0.657380946530238
"CERQUEIRA CESAR_SP",2021,"_2021",0.772293258473707
"COLINAS DO TOCANTINS_TO",2021,"_2021",0.801393498700919
"CONTAGEM_MG",2021,"_2021",0.744302359683299
"CRATO_CE",2021,"_2021",0.837795159010615
"DIADEMA_SP",2021,"_2021",1
"DUAS BARRAS_RJ",2021,"_2021",0.956760801496141
"ENCRUZILHADA DO SUL_RS",2021,"_2021",0.92406304055357
"FAXINAL DO SOTURNO_RS",2021,"_2021",0.93932563729936
"FEIRA DE SANTANA_BA",2021,"_2021",0.45334392283159
"FERNANDOPOLIS_SP",2021,"_2021",0.759166769396414
"FERNAO_SP",2021,"_2021",1
"FLORIANOPOLIS_SC",2021,"_2021",0.692646044513362
"FOZ DO IGUACU_PR",2021,"_2021",0.872568283513506
"FRANCISCO SA_MG",2021,"_2021",0.923547604175538
"FREDERICO WESTPHALEN_RS",2021,"_2021",0.927486386752137
"GARANHUNS_PE",2021,"_2021",0.759549916789669
"GUAJARA-MIRIM_RO",2021,"_2021",0.949706998727232
"GUARANTA DO NORTE_MT",2021,"_2021",0.7967421419919
"HOLAMBRA_SP",2021,"_2021",0.961380790969131
"IBIACA_RS",2021,"_2021",0.960079478909359
"IBIRUBA_RS",2021,"_2021",0.879738424040057
"ICARA_SC",2021,"_2021",1
"IGUABA GRANDE_RJ",2021,"_2021",1
"ILHA SOLTEIRA_SP",2021,"_2021",0.981778592576593
"INDAIAL_SC",2021,"_2021",0.794620506635023
"IRAUCUBA_CE",2021,"_2021",0.921836841239585
"ITACURUBA_PE",2021,"_2021",0.944039452788466
"ITAITINGA_CE",2021,"_2021",0.787540505977647
"ITAPEVA_SP",2021,"_2021",0.945772891994161
"ITAPIRA_SP",2021,"_2021",0.756172703944171
"ITAREMA_CE",2021,"_2021",1
"ITUIUTABA_MG",2021,"_2021",0.983216734857885
"ITUVERAVA_SP",2021,"_2021",1
"IVINHEMA_MS",2021,"_2021",0.795285787166316
"IVOTI_RS",2021,"_2021",0.887859939848694
"JACOBINA_BA",2021,"_2021",0.711079625551334
"JAGUARIUNA_SP",2021,"_2021",0.801436789456542
"JALES_SP",2021,"_2021",0.693428712033754
"JAPURA_PR",2021,"_2021",0.890058548371634
"JUATUBA_MG",2021,"_2021",0.873304009901803
"LAGOA VERMELHA_RS",2021,"_2021",0.876336261646176
"LAJEADO_RS",2021,"_2021",0.830982469564733
"LAPA_PR",2021,"_2021",0.783173731299417
"LONDRINA_PR",2021,"_2021",0.513177309864047
"LUCAS DO RIO VERDE_MT",2021,"_2021",0.746203380117061
"LUIS CORREIA_PI",2021,"_2021",0.859057538144591
"MAFRA_SC",2021,"_2021",0.814155976807144
"MAIRIPORA_SP",2021,"_2021",1
"MARACAJU_MS",2021,"_2021",0.76365387430821
"MARIANA_MG",2021,"_2021",0.992755880896094
"MATO GROSSO_MT",2021,"_2021",0.704236480675805
"MILAGRES_CE",2021,"_2021",0.879252943228501
"MORADA NOVA_CE",2021,"_2021",0.813118875737663
"NATAL_RN",2021,"_2021",1
"NITEROI_RJ",2021,"_2021",1
"NOVA ANDRADINA_MS",2021,"_2021",0.773892403065104
"NOVA ESPERANCA DO SUL_RS",2021,"_2021",1
"NOVA FRIBURGO_RJ",2021,"_2021",1
"NOVA PRATA_RS",2021,"_2021",0.965131685478172
"NOVA PRATA DO IGUACU_PR",2021,"_2021",0.963166928970992
"NOVA ROMA DO SUL_RS",2021,"_2021",0.922926202748732
"NOVA SANTA RITA_RS",2021,"_2021",0.911682802104429
"NOVO LINO_AL",2021,"_2021",0.909746853568394
"OLIVEIRA_MG",2021,"_2021",0.952383515597136
"OURO PRETO DO OESTE_RO",2021,"_2021",0.852382901670487
"PANAMBI_RS",2021,"_2021",1
"PARAIBA_PB",2021,"_2021",1
"PARANAVAI_PR",2021,"_2021",0.883421541440806
"PARAOPEBA_MG",2021,"_2021",0.922159176509014
"PARISI_SP",2021,"_2021",0.971592498303349
"PATROCINIO_MG",2021,"_2021",0.859241213298993
"PATY DO ALFERES_RJ",2021,"_2021",1
"PELOTAS_RS",2021,"_2021",0.753344494421121
"PERUIBE_SP",2021,"_2021",0.897009836123482
"PIAUI_PI",2021,"_2021",0.623108053511146
"PINHEIRAL_RJ",2021,"_2021",0.958909780975603
"PIRAQUARA_PR",2021,"_2021",0.863483126038038
"PITANGUEIRAS_SP",2021,"_2021",0.814417374509288
"PONTAO_RS",2021,"_2021",0.959030079642532
"PORTO FELIZ_SP",2021,"_2021",1
"PORTO FERREIRA_SP",2021,"_2021",0.779543087660163
"PORTO UNIAO_SC",2021,"_2021",0.992686269758386
"QUATIS_RJ",2021,"_2021",0.931827883221733
"QUATRO BARRAS_PR",2021,"_2021",0.854420729352242
"QUITANDINHA_PR",2021,"_2021",0.85992250014368
"REDENCAO_PA",2021,"_2021",0.698801164090014
"RIO BRILHANTE_MS",2021,"_2021",0.909582023710104
"RIO GRANDE DO NORTE_RN",2021,"_2021",0.77930124507618
"RIO NEGRINHO_SC",2021,"_2021",0.945797230339261
"ROLIM DE MOURA_RO",2021,"_2021",0.907332495304989
"SANTA CATARINA_SC",2021,"_2021",1
"SANTA MARIA DE JETIBA_ES",2021,"_2021",0.951379051593568
"SANTANA DO ITARARE_PR",2021,"_2021",0.937104619778688
"SANTO ANTONIO DA PATRULHA_RS",2021,"_2021",0.88784652860989
"SAO BORJA_RS",2021,"_2021",0.874239439944373
"SAO FRANCISCO DO CONDE_BA",2021,"_2021",0.72006344113164
"SAO FRANCISCO DO GUAPORE_RO",2021,"_2021",0.974298687526126
"SAO JOAO DA LAGOA_MG",2021,"_2021",1
"SAO JOSE DO CALCADO_ES",2021,"_2021",1
"SAO MANUEL_SP",2021,"_2021",0.864299127159842
"SAO PEDRO DA ALDEIA_RJ",2021,"_2021",0.978391523931172
"SAO SEBASTIAO DO CAI_RS",2021,"_2021",0.946261148292818
"SARZEDO_MG",2021,"_2021",0.960441002611595
"TAIO_SC",2021,"_2021",0.917726120501098
"TAPEJARA_PR",2021,"_2021",0.880964223635345
"TAUBATE_SP",2021,"_2021",0.752224522470145
"TEOFILO OTONI_MG",2021,"_2021",0.821850027274598
"TRES DE MAIO_RS",2021,"_2021",0.842074938143669
"TRES MARIAS_MG",2021,"_2021",0.933842141666696
"UNAI_MG",2021,"_2021",0.738213735985069
"VALENCA_RJ",2021,"_2021",0.863203870272776
"VARRE-SAI_RJ",2021,"_2021",1
"VIRADOURO_SP",2021,"_2021",0.884103112525308
"VOTUPORANGA_SP",2021,"_2021",0.818147822475522
"AGUAS BELAS_PE",2022,"_2022",0.733476793296588
"ALEGRETE_RS",2022,"_2022",0.917220488426205
"ALEGRIA_RS",2022,"_2022",0.942016445535052
"ALEM PARAIBA_MG",2022,"_2022",1
"ALTONIA_PR",2022,"_2022",0.856955408851116
"AMERICANA_SP",2022,"_2022",0.786109973642772
"ANAPOLIS_GO",2022,"_2022",0.494499260333963
"ANDIRA_PR",2022,"_2022",0.852823253789028
"ANTONIO CARLOS_SC",2022,"_2022",0.911078937024005
"ANTONIO PRADO_RS",2022,"_2022",0.929628423436291
"AQUIDAUANA_MS",2022,"_2022",0.860383162755295
"ARACAJU_SE",2022,"_2022",1
"ARACARIGUAMA_SP",2022,"_2022",0.772507624180878
"ARMACAO DOS BUZIOS_RJ",2022,"_2022",0.655659738861182
"ASSIS_SP",2022,"_2022",1
"BAHIA_BA",2022,"_2022",1
"BALNEARIO BARRA DO SUL_SC",2022,"_2022",0.858977635284345
"BARRA VELHA_SC",2022,"_2022",0.775625392437062
"BEBERIBE_CE",2022,"_2022",0.788433299796971
"BIGUACU_SC",2022,"_2022",0.800682047444429
"BOA VISTA_PB",2022,"_2022",1
"BOM DESPACHO_MG",2022,"_2022",0.71879984341469
"BRASILIA DE MINAS_MG",2022,"_2022",0.829287884239365
"BURITICUPU_MA",2022,"_2022",0.753814002893143
"CABO FRIO_RJ",2022,"_2022",0.657473041509714
"CACADOR_SC",2022,"_2022",0.759882614620076
"CAMACARI_BA",2022,"_2022",0.700471229847119
"CAMPINA GRANDE DO SUL_PR",2022,"_2022",0.834274828101147
"CAMPO GRANDE_MS",2022,"_2022",0.465406522607648
"CAMPO MAIOR_PI",2022,"_2022",0.660576225416177
"CANARANA_MT",2022,"_2022",0.724760186337787
"CANGUCU_RS",2022,"_2022",0.864580763646128
"CANOINHAS_SC",2022,"_2022",0.785657965537296
"CANTAGALO_RJ",2022,"_2022",1
"CARMO DO CAJURU_MG",2022,"_2022",0.935837162111146
"CAXIAS DO SUL_RS",2022,"_2022",0.534015201246777
"CERQUEIRA CESAR_SP",2022,"_2022",0.740858832542001
"COLINAS DO TOCANTINS_TO",2022,"_2022",0.767095891311424
"CONTAGEM_MG",2022,"_2022",0.64416127413738
"CRATO_CE",2022,"_2022",0.669249069322699
"DIADEMA_SP",2022,"_2022",0.983992386459863
"DUAS BARRAS_RJ",2022,"_2022",1
"ENCRUZILHADA DO SUL_RS",2022,"_2022",0.839820194413117
"FAXINAL DO SOTURNO_RS",2022,"_2022",0.905565066380557
"FEIRA DE SANTANA_BA",2022,"_2022",0.454520909108571
"FERNANDOPOLIS_SP",2022,"_2022",0.670642116123596
"FERNAO_SP",2022,"_2022",0.986681423813328
"FLORIANOPOLIS_SC",2022,"_2022",0.694125648510596
"FOZ DO IGUACU_PR",2022,"_2022",0.853625979079626
"FRANCISCO SA_MG",2022,"_2022",0.891142376000789
"FREDERICO WESTPHALEN_RS",2022,"_2022",0.907633685220591
"GARANHUNS_PE",2022,"_2022",0.629571682410957
"GUAJARA-MIRIM_RO",2022,"_2022",0.870573304550352
"GUARANTA DO NORTE_MT",2022,"_2022",0.815084300007553
"HOLAMBRA_SP",2022,"_2022",0.976599706365909
"IBIACA_RS",2022,"_2022",0.958974846310179
"IBIRUBA_RS",2022,"_2022",0.891734647951076
"ICARA_SC",2022,"_2022",0.962965509158366
"IGUABA GRANDE_RJ",2022,"_2022",0.92398951207872
"ILHA SOLTEIRA_SP",2022,"_2022",0.873930542914294
"INDAIAL_SC",2022,"_2022",0.805204299045974
"IRAUCUBA_CE",2022,"_2022",0.895722044279446
"ITACURUBA_PE",2022,"_2022",0.91904229597552
"ITAITINGA_CE",2022,"_2022",0.748280676301765
"ITAPEVA_SP",2022,"_2022",0.878867087606158
"ITAPIRA_SP",2022,"_2022",0.769768407867818
"ITAREMA_CE",2022,"_2022",0.936951899997841
"ITUIUTABA_MG",2022,"_2022",0.920331611573556
"ITUVERAVA_SP",2022,"_2022",0.833608732662346
"IVINHEMA_MS",2022,"_2022",0.838409454949585
"IVOTI_RS",2022,"_2022",0.855700489087332
"JACOBINA_BA",2022,"_2022",0.699446549173162
"JAGUARIUNA_SP",2022,"_2022",0.82877659490823
"JALES_SP",2022,"_2022",0.794356737265208
"JAPURA_PR",2022,"_2022",0.881344256359034
"JUATUBA_MG",2022,"_2022",0.76809774256683
"LAGOA VERMELHA_RS",2022,"_2022",0.759694400919306
"LAJEADO_RS",2022,"_2022",0.783699203280284
"LAPA_PR",2022,"_2022",0.850776793760435
"LONDRINA_PR",2022,"_2022",0.455446146337674
"LUCAS DO RIO VERDE_MT",2022,"_2022",0.702069287364003
"LUIS CORREIA_PI",2022,"_2022",0.727668436834259
"MAFRA_SC",2022,"_2022",0.826543833859973
"MAIRIPORA_SP",2022,"_2022",0.778667020050739
"MARACAJU_MS",2022,"_2022",0.755990874512367
"MARIANA_MG",2022,"_2022",0.855325329138004
"MATO GROSSO_MT",2022,"_2022",0.540325511697249
"MILAGRES_CE",2022,"_2022",0.803918603883875
"MORADA NOVA_CE",2022,"_2022",0.726805798378133
"NATAL_RN",2022,"_2022",1
"NITEROI_RJ",2022,"_2022",1
"NOVA ANDRADINA_MS",2022,"_2022",0.735786043451114
"NOVA ESPERANCA DO SUL_RS",2022,"_2022",0.961460929200507
"NOVA FRIBURGO_RJ",2022,"_2022",1
"NOVA PRATA_RS",2022,"_2022",0.999872165875878
"NOVA PRATA DO IGUACU_PR",2022,"_2022",0.900093481344319
"NOVA ROMA DO SUL_RS",2022,"_2022",0.905850602592346
"NOVA SANTA RITA_RS",2022,"_2022",0.80135056382129
"NOVO LINO_AL",2022,"_2022",0.833243860633559
"OLIVEIRA_MG",2022,"_2022",0.900414763272372
"OURO PRETO DO OESTE_RO",2022,"_2022",0.854868096689769
"PANAMBI_RS",2022,"_2022",1
"PARAIBA_PB",2022,"_2022",1
"PARANAVAI_PR",2022,"_2022",0.798204648550815
"PARAOPEBA_MG",2022,"_2022",0.911417494544911
"PARISI_SP",2022,"_2022",0.919736339988879
"PATROCINIO_MG",2022,"_2022",0.882646262371698
"PATY DO ALFERES_RJ",2022,"_2022",1
"PELOTAS_RS",2022,"_2022",0.86228814914015
"PERUIBE_SP",2022,"_2022",0.875905538292079
"PIAUI_PI",2022,"_2022",0.722828180473135
"PINHEIRAL_RJ",2022,"_2022",0.936259906070499
"PIRAQUARA_PR",2022,"_2022",0.876876452983713
"PITANGUEIRAS_SP",2022,"_2022",0.791706008400179
"PONTAO_RS",2022,"_2022",0.970501339834837
"PORTO FELIZ_SP",2022,"_2022",1
"PORTO FERREIRA_SP",2022,"_2022",0.758611956514931
"PORTO UNIAO_SC",2022,"_2022",0.977684502136489
"QUATIS_RJ",2022,"_2022",0.864598056096875
"QUATRO BARRAS_PR",2022,"_2022",0.733523066225954
"QUITANDINHA_PR",2022,"_2022",0.884906105388499
"REDENCAO_PA",2022,"_2022",0.719724633141441
"RIO BRILHANTE_MS",2022,"_2022",0.902940668492437
"RIO GRANDE DO NORTE_RN",2022,"_2022",0.754046506679029
"RIO NEGRINHO_SC",2022,"_2022",0.948363499321867
"ROLIM DE MOURA_RO",2022,"_2022",0.815115653734037
"SANTA CATARINA_SC",2022,"_2022",1
"SANTA MARIA DE JETIBA_ES",2022,"_2022",0.89814159206758
"SANTANA DO ITARARE_PR",2022,"_2022",0.917820995610158
"SANTO ANTONIO DA PATRULHA_RS",2022,"_2022",0.825633402679901
"SAO BORJA_RS",2022,"_2022",0.819130255438863
"SAO FRANCISCO DO CONDE_BA",2022,"_2022",0.668635871097519
"SAO FRANCISCO DO GUAPORE_RO",2022,"_2022",0.907914628662221
"SAO JOAO DA LAGOA_MG",2022,"_2022",1
"SAO JOSE DO CALCADO_ES",2022,"_2022",1
"SAO MANUEL_SP",2022,"_2022",0.666330706934457
"SAO PEDRO DA ALDEIA_RJ",2022,"_2022",0.713187851588985
"SAO SEBASTIAO DO CAI_RS",2022,"_2022",1
"SARZEDO_MG",2022,"_2022",0.919273313689126
"TAIO_SC",2022,"_2022",0.925492074200072
"TAPEJARA_PR",2022,"_2022",0.851789756368734
"TAUBATE_SP",2022,"_2022",0.60954042076752
"TEOFILO OTONI_MG",2022,"_2022",0.732600784695716
"TRES DE MAIO_RS",2022,"_2022",0.907931215325075
"TRES MARIAS_MG",2022,"_2022",0.909256964702075
"UNAI_MG",2022,"_2022",0.611703697884955
"VALENCA_RJ",2022,"_2022",0.796674151385337
"VARRE-SAI_RJ",2022,"_2022",1
"VIRADOURO_SP",2022,"_2022",0.789945182271272
"VOTUPORANGA_SP",2022,"_2022",0.829798194383595
"AGUAS BELAS_PE",2023,"_2023",0.618443563564658
"ALEGRETE_RS",2023,"_2023",0.741002750552708
"ALEGRIA_RS",2023,"_2023",0.919625656891984
"ALEM PARAIBA_MG",2023,"_2023",0.973166232284362
"ALTONIA_PR",2023,"_2023",0.96199005874989
"AMERICANA_SP",2023,"_2023",0.791170703765245
"ANAPOLIS_GO",2023,"_2023",0.512691244700931
"ANDIRA_PR",2023,"_2023",0.835072210195088
"ANTONIO CARLOS_SC",2023,"_2023",0.795133385738857
"ANTONIO PRADO_RS",2023,"_2023",0.786791099214357
"AQUIDAUANA_MS",2023,"_2023",0.725731940237699
"ARACAJU_SE",2023,"_2023",1
"ARACARIGUAMA_SP",2023,"_2023",0.622844265093796
"ARMACAO DOS BUZIOS_RJ",2023,"_2023",0.663679493455333
"ASSIS_SP",2023,"_2023",1
"BAHIA_BA",2023,"_2023",1
"BALNEARIO BARRA DO SUL_SC",2023,"_2023",0.712769755486931
"BARRA VELHA_SC",2023,"_2023",0.558996912419445
"BEBERIBE_CE",2023,"_2023",0.620533866046869
"BIGUACU_SC",2023,"_2023",0.73249671998904
"BOA VISTA_PB",2023,"_2023",0.965815825193654
"BOM DESPACHO_MG",2023,"_2023",0.584947429558641
"BRASILIA DE MINAS_MG",2023,"_2023",0.758509565264215
"BURITICUPU_MA",2023,"_2023",0.902949689410619
"CABO FRIO_RJ",2023,"_2023",0.524240999754275
"CACADOR_SC",2023,"_2023",0.967232535659098
"CAMACARI_BA",2023,"_2023",0.675998252939986
"CAMPINA GRANDE DO SUL_PR",2023,"_2023",0.896805707112749
"CAMPO GRANDE_MS",2023,"_2023",0.483051727867973
"CAMPO MAIOR_PI",2023,"_2023",0.490908080605002
"CANARANA_MT",2023,"_2023",0.576274773897998
"CANGUCU_RS",2023,"_2023",0.833690149780001
"CANOINHAS_SC",2023,"_2023",0.699072840688561
"CANTAGALO_RJ",2023,"_2023",0.938673347442955
"CARMO DO CAJURU_MG",2023,"_2023",0.877569881675703
"CAXIAS DO SUL_RS",2023,"_2023",0.634654093697355
"CERQUEIRA CESAR_SP",2023,"_2023",0.647145736982886
"COLINAS DO TOCANTINS_TO",2023,"_2023",0.783716757291325
"CONTAGEM_MG",2023,"_2023",0.654170915208236
"CRATO_CE",2023,"_2023",0.507597009114264
"DIADEMA_SP",2023,"_2023",0.743330631807311
"DUAS BARRAS_RJ",2023,"_2023",0.968192933755068
"ENCRUZILHADA DO SUL_RS",2023,"_2023",0.819065637426658
"FAXINAL DO SOTURNO_RS",2023,"_2023",0.900926928490638
"FEIRA DE SANTANA_BA",2023,"_2023",0.523095438234109
"FERNANDOPOLIS_SP",2023,"_2023",0.692197585702451
"FERNAO_SP",2023,"_2023",1
"FLORIANOPOLIS_SC",2023,"_2023",0.721414056636329
"FOZ DO IGUACU_PR",2023,"_2023",0.792889739376506
"FRANCISCO SA_MG",2023,"_2023",0.836396309399338
"FREDERICO WESTPHALEN_RS",2023,"_2023",0.850312434779416
"GARANHUNS_PE",2023,"_2023",0.550889664192682
"GUAJARA-MIRIM_RO",2023,"_2023",0.720867221057082
"GUARANTA DO NORTE_MT",2023,"_2023",0.702456018153839
"HOLAMBRA_SP",2023,"_2023",0.818506478092674
"IBIACA_RS",2023,"_2023",0.915506644214678
"IBIRUBA_RS",2023,"_2023",0.737794138449023
"ICARA_SC",2023,"_2023",0.886223107495819
"IGUABA GRANDE_RJ",2023,"_2023",0.7088102805305
"ILHA SOLTEIRA_SP",2023,"_2023",0.765084467538784
"INDAIAL_SC",2023,"_2023",0.762576260687319
"IRAUCUBA_CE",2023,"_2023",0.751982968045454
"ITACURUBA_PE",2023,"_2023",0.946435186768443
"ITAITINGA_CE",2023,"_2023",0.713478607930515
"ITAPEVA_SP",2023,"_2023",0.929067401816309
"ITAPIRA_SP",2023,"_2023",0.790899097620911
"ITAREMA_CE",2023,"_2023",1
"ITUIUTABA_MG",2023,"_2023",1
"ITUVERAVA_SP",2023,"_2023",0.762396004215709
"IVINHEMA_MS",2023,"_2023",0.795795472515479
"IVOTI_RS",2023,"_2023",0.807120534833076
"JACOBINA_BA",2023,"_2023",0.563194112525483
"JAGUARIUNA_SP",2023,"_2023",0.8733383476307
"JALES_SP",2023,"_2023",0.74351126466491
"JAPURA_PR",2023,"_2023",0.785125578620793
"JUATUBA_MG",2023,"_2023",0.658065994530171
"LAGOA VERMELHA_RS",2023,"_2023",0.653735533290865
"LAJEADO_RS",2023,"_2023",0.724222984096502
"LAPA_PR",2023,"_2023",0.854161599510574
"LONDRINA_PR",2023,"_2023",0.43642802635269
"LUCAS DO RIO VERDE_MT",2023,"_2023",0.760055052768438
"LUIS CORREIA_PI",2023,"_2023",0.694849747680395
"MAFRA_SC",2023,"_2023",0.707418703254685
"MAIRIPORA_SP",2023,"_2023",0.821665697586741
"MARACAJU_MS",2023,"_2023",0.782507456877777
"MARIANA_MG",2023,"_2023",0.876803986624263
"MATO GROSSO_MT",2023,"_2023",0.510536075859847
"MILAGRES_CE",2023,"_2023",0.685324751550181
"MORADA NOVA_CE",2023,"_2023",0.607517985058926
"NATAL_RN",2023,"_2023",1
"NITEROI_RJ",2023,"_2023",1
"NOVA ANDRADINA_MS",2023,"_2023",0.7172432907457
"NOVA ESPERANCA DO SUL_RS",2023,"_2023",0.979321024077406
"NOVA FRIBURGO_RJ",2023,"_2023",1
"NOVA PRATA_RS",2023,"_2023",0.846006911985928
"NOVA PRATA DO IGUACU_PR",2023,"_2023",0.860897596143726
"NOVA ROMA DO SUL_RS",2023,"_2023",0.822733966512558
"NOVA SANTA RITA_RS",2023,"_2023",0.682538595343579
"NOVO LINO_AL",2023,"_2023",0.708828411456638
"OLIVEIRA_MG",2023,"_2023",0.714390375582929
"OURO PRETO DO OESTE_RO",2023,"_2023",0.787888984944855
"PANAMBI_RS",2023,"_2023",1
"PARAIBA_PB",2023,"_2023",1
"PARANAVAI_PR",2023,"_2023",0.773676124770318
"PARAOPEBA_MG",2023,"_2023",0.836623454416046
"PARISI_SP",2023,"_2023",0.922158969991055
"PATROCINIO_MG",2023,"_2023",0.828619963868429
"PATY DO ALFERES_RJ",2023,"_2023",0.910507464276871
"PELOTAS_RS",2023,"_2023",0.821895556156194
"PERUIBE_SP",2023,"_2023",0.716139237772477
"PIAUI_PI",2023,"_2023",0.803873446793864
"PINHEIRAL_RJ",2023,"_2023",0.851169541602759
"PIRAQUARA_PR",2023,"_2023",0.901508415861664
"PITANGUEIRAS_SP",2023,"_2023",0.746709674949268
"PONTAO_RS",2023,"_2023",0.962569813103814
"PORTO FELIZ_SP",2023,"_2023",0.913151609162477
"PORTO FERREIRA_SP",2023,"_2023",0.703293989852035
"PORTO UNIAO_SC",2023,"_2023",0.834851405385234
"QUATIS_RJ",2023,"_2023",0.68936889271274
"QUATRO BARRAS_PR",2023,"_2023",0.678542043673406
"QUITANDINHA_PR",2023,"_2023",0.756800821378902
"REDENCAO_PA",2023,"_2023",0.721762439918953
"RIO BRILHANTE_MS",2023,"_2023",0.924385288449722
"RIO GRANDE DO NORTE_RN",2023,"_2023",0.75623216418151
"RIO NEGRINHO_SC",2023,"_2023",0.813023157650716
"ROLIM DE MOURA_RO",2023,"_2023",0.822914374613612
"SANTA CATARINA_SC",2023,"_2023",1
"SANTA MARIA DE JETIBA_ES",2023,"_2023",0.793238214821015
"SANTANA DO ITARARE_PR",2023,"_2023",0.916253763667145
"SANTO ANTONIO DA PATRULHA_RS",2023,"_2023",0.85704378016058
"SAO BORJA_RS",2023,"_2023",0.836178113312456
"SAO FRANCISCO DO CONDE_BA",2023,"_2023",0.59385783533349
"SAO FRANCISCO DO GUAPORE_RO",2023,"_2023",0.747090644671061
"SAO JOAO DA LAGOA_MG",2023,"_2023",1
"SAO JOSE DO CALCADO_ES",2023,"_2023",1
"SAO MANUEL_SP",2023,"_2023",0.735005047920637
"SAO PEDRO DA ALDEIA_RJ",2023,"_2023",0.66859597355674
"SAO SEBASTIAO DO CAI_RS",2023,"_2023",0.823309086031632
"SARZEDO_MG",2023,"_2023",0.629109552400927
"TAIO_SC",2023,"_2023",0.802532599119733
"TAPEJARA_PR",2023,"_2023",0.911622771106629
"TAUBATE_SP",2023,"_2023",0.707808735897187
"TEOFILO OTONI_MG",2023,"_2023",0.90870940324722
"TRES DE MAIO_RS",2023,"_2023",1
"TRES MARIAS_MG",2023,"_2023",0.848754545507165
"UNAI_MG",2023,"_2023",0.515810026423483
"VALENCA_RJ",2023,"_2023",0.719085078667564
"VARRE-SAI_RJ",2023,"_2023",0.987084445944836
"VIRADOURO_SP",2023,"_2023",0.810817787514247
"VOTUPORANGA_SP",2023,"_2023",0.804295526904981
"AGUAS BELAS_PE",2024,"_2024",0.58703628043436
"ALEGRETE_RS",2024,"_2024",0.778372504147736
"ALEGRIA_RS",2024,"_2024",0.915897822347146
"ALEM PARAIBA_MG",2024,"_2024",0.840295991174043
"ALTONIA_PR",2024,"_2024",0.809322367364372
"AMERICANA_SP",2024,"_2024",0.883996046158035
"ANAPOLIS_GO",2024,"_2024",0.493020688474208
"ANDIRA_PR",2024,"_2024",0.71784887967009
"ANTONIO CARLOS_SC",2024,"_2024",0.756344968237248
"ANTONIO PRADO_RS",2024,"_2024",0.860001636058457
"AQUIDAUANA_MS",2024,"_2024",0.643940336070652
"ARACAJU_SE",2024,"_2024",1
"ARACARIGUAMA_SP",2024,"_2024",0.935753504085005
"ARMACAO DOS BUZIOS_RJ",2024,"_2024",0.840324821039546
"ASSIS_SP",2024,"_2024",1
"BAHIA_BA",2024,"_2024",1
"BALNEARIO BARRA DO SUL_SC",2024,"_2024",0.757973309357072
"BARRA VELHA_SC",2024,"_2024",0.633145874190319
"BEBERIBE_CE",2024,"_2024",0.786164488954444
"BIGUACU_SC",2024,"_2024",0.784919971453775
"BOA VISTA_PB",2024,"_2024",0.976314100828011
"BOM DESPACHO_MG",2024,"_2024",0.564067567806331
"BRASILIA DE MINAS_MG",2024,"_2024",0.703761086136761
"BURITICUPU_MA",2024,"_2024",0.895326340539767
"CABO FRIO_RJ",2024,"_2024",0.514594719728531
"CACADOR_SC",2024,"_2024",0.891649060426949
"CAMACARI_BA",2024,"_2024",1
"CAMPINA GRANDE DO SUL_PR",2024,"_2024",0.721881884985469
"CAMPO GRANDE_MS",2024,"_2024",0.481826880755143
"CAMPO MAIOR_PI",2024,"_2024",0.601034530319754
"CANARANA_MT",2024,"_2024",0.579271890312172
"CANGUCU_RS",2024,"_2024",0.777603221035267
"CANOINHAS_SC",2024,"_2024",0.655645310552149
"CANTAGALO_RJ",2024,"_2024",1
"CARMO DO CAJURU_MG",2024,"_2024",0.760342221604782
"CAXIAS DO SUL_RS",2024,"_2024",0.775028486850348
"CERQUEIRA CESAR_SP",2024,"_2024",0.745019323295965
"COLINAS DO TOCANTINS_TO",2024,"_2024",0.712393008012743
"CONTAGEM_MG",2024,"_2024",0.727650270197488
"CRATO_CE",2024,"_2024",0.557269587524777
"DIADEMA_SP",2024,"_2024",0.667808273534738
"DUAS BARRAS_RJ",2024,"_2024",1
"ENCRUZILHADA DO SUL_RS",2024,"_2024",0.851659777089405
"FAXINAL DO SOTURNO_RS",2024,"_2024",0.805118415636908
"FEIRA DE SANTANA_BA",2024,"_2024",0.502344940521633
"FERNANDOPOLIS_SP",2024,"_2024",0.708315981538098
"FERNAO_SP",2024,"_2024",1
"FLORIANOPOLIS_SC",2024,"_2024",0.596613730605517
"FOZ DO IGUACU_PR",2024,"_2024",0.647946732080041
"FRANCISCO SA_MG",2024,"_2024",0.787733934667309
"FREDERICO WESTPHALEN_RS",2024,"_2024",0.873712818714699
"GARANHUNS_PE",2024,"_2024",0.556184718046537
"GUAJARA-MIRIM_RO",2024,"_2024",0.76515776441474
"GUARANTA DO NORTE_MT",2024,"_2024",0.603311590817871
"HOLAMBRA_SP",2024,"_2024",0.77141244350067
"IBIACA_RS",2024,"_2024",0.881960899727714
"IBIRUBA_RS",2024,"_2024",0.7261051526168
"ICARA_SC",2024,"_2024",0.77444733000864
"IGUABA GRANDE_RJ",2024,"_2024",0.613154969109448
"ILHA SOLTEIRA_SP",2024,"_2024",0.851753982056638
"INDAIAL_SC",2024,"_2024",0.593602865735635
"IRAUCUBA_CE",2024,"_2024",0.767928332932314
"ITACURUBA_PE",2024,"_2024",0.902671910466356
"ITAITINGA_CE",2024,"_2024",0.785351929431057
"ITAPEVA_SP",2024,"_2024",1
"ITAPIRA_SP",2024,"_2024",0.762455945444745
"ITAREMA_CE",2024,"_2024",0.920390242809348
"ITUIUTABA_MG",2024,"_2024",0.981437440121405
"ITUVERAVA_SP",2024,"_2024",0.757209436988488
"IVINHEMA_MS",2024,"_2024",0.858362366906518
"IVOTI_RS",2024,"_2024",0.794020268599591
"JACOBINA_BA",2024,"_2024",0.593174588840476
"JAGUARIUNA_SP",2024,"_2024",0.870897952806595
"JALES_SP",2024,"_2024",0.812977238151339
"JAPURA_PR",2024,"_2024",0.767915195758546
"JUATUBA_MG",2024,"_2024",0.725441625470782
"LAGOA VERMELHA_RS",2024,"_2024",0.684164990623322
"LAJEADO_RS",2024,"_2024",0.819722679585877
"LAPA_PR",2024,"_2024",0.697110483241767
"LONDRINA_PR",2024,"_2024",0.502657026432939
"LUCAS DO RIO VERDE_MT",2024,"_2024",0.7736375397696
"LUIS CORREIA_PI",2024,"_2024",0.650193799897537
"MAFRA_SC",2024,"_2024",0.702867264034776
"MAIRIPORA_SP",2024,"_2024",0.810348721505036
"MARACAJU_MS",2024,"_2024",0.756872153422577
"MARIANA_MG",2024,"_2024",1
"MATO GROSSO_MT",2024,"_2024",0.826647515082758
"MILAGRES_CE",2024,"_2024",0.754841371401749
"MORADA NOVA_CE",2024,"_2024",0.624072636585446
"NATAL_RN",2024,"_2024",1
"NITEROI_RJ",2024,"_2024",1
"NOVA ANDRADINA_MS",2024,"_2024",0.779383460210951
"NOVA ESPERANCA DO SUL_RS",2024,"_2024",0.975187127506556
"NOVA FRIBURGO_RJ",2024,"_2024",0.763941085600976
"NOVA PRATA_RS",2024,"_2024",0.785589253313018
"NOVA PRATA DO IGUACU_PR",2024,"_2024",0.79807919185671
"NOVA ROMA DO SUL_RS",2024,"_2024",0.782849345290778
"NOVA SANTA RITA_RS",2024,"_2024",1
"NOVO LINO_AL",2024,"_2024",0.7948628106631
"OLIVEIRA_MG",2024,"_2024",0.753783372836724
"OURO PRETO DO OESTE_RO",2024,"_2024",0.701549456629877
"PANAMBI_RS",2024,"_2024",1
"PARAIBA_PB",2024,"_2024",1
"PARANAVAI_PR",2024,"_2024",0.752076656655358
"PARAOPEBA_MG",2024,"_2024",0.784128664223116
"PARISI_SP",2024,"_2024",0.922280389190556
"PATROCINIO_MG",2024,"_2024",0.870104117020511
"PATY DO ALFERES_RJ",2024,"_2024",0.853925527948447
"PELOTAS_RS",2024,"_2024",0.798230650176894
"PERUIBE_SP",2024,"_2024",0.698926428035933
"PIAUI_PI",2024,"_2024",0.825986954017415
"PINHEIRAL_RJ",2024,"_2024",0.650332677179256
"PIRAQUARA_PR",2024,"_2024",0.865018670118206
"PITANGUEIRAS_SP",2024,"_2024",0.662511317320529
"PONTAO_RS",2024,"_2024",1
"PORTO FELIZ_SP",2024,"_2024",0.943070441633235
"PORTO FERREIRA_SP",2024,"_2024",0.731722371045662
"PORTO UNIAO_SC",2024,"_2024",0.82824318098238
"QUATIS_RJ",2024,"_2024",0.707142801591363
"QUATRO BARRAS_PR",2024,"_2024",0.732503230223969
"QUITANDINHA_PR",2024,"_2024",0.758019709297202
"REDENCAO_PA",2024,"_2024",0.609646408339733
"RIO BRILHANTE_MS",2024,"_2024",0.828728197745573
"RIO GRANDE DO NORTE_RN",2024,"_2024",0.72593066714945
"RIO NEGRINHO_SC",2024,"_2024",0.904194273461339
"ROLIM DE MOURA_RO",2024,"_2024",0.971562393212939
"SANTA CATARINA_SC",2024,"_2024",1
"SANTA MARIA DE JETIBA_ES",2024,"_2024",0.73554708268084
"SANTANA DO ITARARE_PR",2024,"_2024",0.836356367012543
"SANTO ANTONIO DA PATRULHA_RS",2024,"_2024",0.844113360958541
"SAO BORJA_RS",2024,"_2024",0.805352215215436
"SAO FRANCISCO DO CONDE_BA",2024,"_2024",0.812519595257685
"SAO FRANCISCO DO GUAPORE_RO",2024,"_2024",0.753034031147437
"SAO JOAO DA LAGOA_MG",2024,"_2024",1
"SAO JOSE DO CALCADO_ES",2024,"_2024",0.999693264989283
"SAO MANUEL_SP",2024,"_2024",0.694913335644198
"SAO PEDRO DA ALDEIA_RJ",2024,"_2024",0.683266506431892
"SAO SEBASTIAO DO CAI_RS",2024,"_2024",1
"SARZEDO_MG",2024,"_2024",0.612578883821503
"TAIO_SC",2024,"_2024",0.821457252041859
"TAPEJARA_PR",2024,"_2024",0.842550375332894
"TAUBATE_SP",2024,"_2024",0.589919466728455
"TEOFILO OTONI_MG",2024,"_2024",0.817262634360752
"TRES DE MAIO_RS",2024,"_2024",1
"TRES MARIAS_MG",2024,"_2024",0.856303150441227
"UNAI_MG",2024,"_2024",0.628607257311437
"VALENCA_RJ",2024,"_2024",0.780394755799558
"VARRE-SAI_RJ",2024,"_2024",0.956675220683351
"VIRADOURO_SP",2024,"_2024",0.731289941918482
"VOTUPORANGA_SP",2024,"_2024",0.893453105795991
