"RPPS","Ano","Eff_ch","Tech_ch","Malmquist"
"AIUABA_CE",2019,NA,NA,NA
"AIUABA_CE",2020,1.05770036154974,1.55564556831063,1.64540688004541
"AIUABA_CE",2021,1.02923105056734,0.518810829319366,0.533976214906086
"AIUABA_CE",2022,0.814691810509788,1.00061367383259,0.815191765555524
"AIUABA_CE",2023,1.10810221936751,0.858377292651852,0.951169783042188
"AIUABA_CE",2024,2.64253442116241,0.80160896401999,2.11827927973516
"ANDIRA_PR",2019,NA,NA,NA
"ANDIRA_PR",2020,1.02241520291751,0.954274030989359,0.975664277032891
"ANDIRA_PR",2021,1.29122321749033,0.685282481475064,0.884852650619991
"ANDIRA_PR",2022,1.05086591829255,1.1246151288554,1.18181971011032
"ANDIRA_PR",2023,1.1065560930111,1.14493440175691,1.26693413836213
"ANDIRA_PR",2024,0.70994530720116,0.939754860642344,0.667174553232512
"ANDRADAS_MG",2019,NA,NA,NA
"ANDRADAS_MG",2020,0.975477608152264,0.920975062959971,0.898390551584073
"ANDRADAS_MG",2021,1.2618093430414,0.671029804463618,0.846711676731439
"ANDRADAS_MG",2022,1.05096957993602,1.87397686446822,1.96949267805999
"ANDRADAS_MG",2023,1.08605655271855,1.02368090717274,1.11177535712782
"ANDRADAS_MG",2024,1.03589731164772,1.30748130843338,1.35441637243578
"ANGELICA_MS",2019,NA,NA,NA
"ANGELICA_MS",2020,0.682823407712201,1.29062161328038,0.881266648047128
"ANGELICA_MS",2021,1.18096595924953,0.93359150406682,1.10253978614749
"ANGELICA_MS",2022,1.03648988614693,0.906228387362368,0.93929655804034
"ANGELICA_MS",2023,1.40276267870987,1.00374750937491,1.4080195449991
"ANGELICA_MS",2024,0.784141556141844,1.20098085926564,0.941738999881127
"APERIBE_RJ",2019,NA,NA,NA
"APERIBE_RJ",2020,0.995936640835911,1.44853793201879,1.4426520021382
"APERIBE_RJ",2021,0.525071314377946,0.800407694791577,0.420271120342435
"APERIBE_RJ",2022,0.997883901227616,0.888619775278313,0.886739368062731
"APERIBE_RJ",2023,1.27391071316837,1.09327891789494,1.39273972598748
"APERIBE_RJ",2024,1.09950572356402,0.888129379080224,0.976503335564064
"AQUIDAUANA_MS",2019,NA,NA,NA
"AQUIDAUANA_MS",2020,3.08745168303154,0.393771822010581,1.21575147459696
"AQUIDAUANA_MS",2021,0.555944802869148,0.273997193539026,0.152327315748753
"AQUIDAUANA_MS",2022,0.687400806159815,3.46704907630547,2.38325233004802
"AQUIDAUANA_MS",2023,0.917869655344546,1.277397551777,1.17248445058752
"AQUIDAUANA_MS",2024,0.477395917165892,0.922951438210286,0.440613248343978
"ARACAJU_SE",2019,NA,NA,NA
"ARACAJU_SE",2020,1,NA,NA
"ARACAJU_SE",2021,1,NA,NA
"ARACAJU_SE",2022,1,2.43550112177251,2.43550112177251
"ARACAJU_SE",2023,1,Inf,Inf
"ARACAJU_SE",2024,1,NA,NA
"ARMACAO DOS BUZIOS_RJ",2019,NA,NA,NA
"ARMACAO DOS BUZIOS_RJ",2020,0.865027533276924,0.771502200309739,0.667370645251653
"ARMACAO DOS BUZIOS_RJ",2021,1.09453815822866,0.923946565766626,1.0112947723959
"ARMACAO DOS BUZIOS_RJ",2022,1.49893691207897,1.60559094325827,2.4066795305495
"ARMACAO DOS BUZIOS_RJ",2023,1.02437613895488,1.15612357368239,1.18430540256349
"ARMACAO DOS BUZIOS_RJ",2024,1.64894310513375,0.728303448030167,1.20093094907448
"ASPASIA_SP",2019,NA,NA,NA
"ASPASIA_SP",2020,0.716526515499315,1.90949054588583,1.36820060722246
"ASPASIA_SP",2021,1.41925244923574,0.542015281485091,0.769256515770916
"ASPASIA_SP",2022,0.88643143479035,1.00726271483972,0.892869333526195
"ASPASIA_SP",2023,1.12322944734453,0.939819551163709,1.0556329950572
"ASPASIA_SP",2024,1.04909564537223,0.80727843235023,0.84691228798155
"ASSIS_SP",2019,NA,NA,NA
"ASSIS_SP",2020,0.89913987764104,1.09995799020145,0.989016092720017
"ASSIS_SP",2021,1.02111291757853,1.18047305350353,1.20539628378583
"ASSIS_SP",2022,1.13654772650929,0.905710191215378,1.02938285870213
"ASSIS_SP",2023,0.847837741884883,1.17045894215996,0.992359266489868
"ASSIS_SP",2024,1.01468650603684,1.19322600416854,1.21075032508208
"BALNEARIO BARRA DO SUL_SC",2019,NA,NA,NA
"BALNEARIO BARRA DO SUL_SC",2020,0.997255138026331,1.17517330209532,1.17194761358593
"BALNEARIO BARRA DO SUL_SC",2021,0.761966333596214,0.923752267698868,0.703868128569695
"BALNEARIO BARRA DO SUL_SC",2022,1.02038292149342,1.23924121953191,1.26450057602105
"BALNEARIO BARRA DO SUL_SC",2023,1.30159503421092,0.800095934100868,1.04140089471803
"BALNEARIO BARRA DO SUL_SC",2024,1.0824718440141,1.04596613338085,1.13222888917707
"BARRA VELHA_SC",2019,NA,NA,NA
"BARRA VELHA_SC",2020,1.01738805179384,1.0067919313534,1.02429808160139
"BARRA VELHA_SC",2021,1.23572130319234,0.8145683123815,1.00657941651525
"BARRA VELHA_SC",2022,1.10655815921109,1.23544226439289,1.36708871789817
"BARRA VELHA_SC",2023,0.971574011636133,1.02360712892192,0.994510084586014
"BARRA VELHA_SC",2024,0.78830144249578,1.41473589148391,1.11523834400732
"BEBERIBE_CE",2019,NA,NA,NA
"BEBERIBE_CE",2020,1.14629493651322,0.76608104930968,0.87815482778242
"BEBERIBE_CE",2021,1.00180414274553,0.755362377533027,0.7567251590867
"BEBERIBE_CE",2022,1.12271694302146,2.51199927544939,2.82026414740466
"BEBERIBE_CE",2023,1.16506725527831,1.0458237933075,1.21845505637352
"BEBERIBE_CE",2024,0.664126534751016,1.2985458544254,0.862398758514839
"BOA ESPERANCA_MG",2019,NA,NA,NA
"BOA ESPERANCA_MG",2020,1.3374770168279,1.32803303655759,1.77621366398395
"BOA ESPERANCA_MG",2021,0.99200612257736,0.742553171204899,0.736617292174495
"BOA ESPERANCA_MG",2022,0.608208243058028,0.937807319634111,0.570382142201621
"BOA ESPERANCA_MG",2023,1.01149844080786,0.907397462535437,0.917831118547602
"BOA ESPERANCA_MG",2024,1.4223877599972,0.87783726168091,1.24862497628439
"BOA SAUDE (ANTIGO JANUARIO CICCO)_RN",2019,NA,NA,NA
"BOA SAUDE (ANTIGO JANUARIO CICCO)_RN",2020,1.13932139184114,1.36600216062236,1.55631548289826
"BOA SAUDE (ANTIGO JANUARIO CICCO)_RN",2021,0.934079596996497,0.577118728481325,0.539074829318967
"BOA SAUDE (ANTIGO JANUARIO CICCO)_RN",2022,0.759906609993317,0.940168731824177,0.714440433822226
"BOA SAUDE (ANTIGO JANUARIO CICCO)_RN",2023,1.73521992132749,0.540407113314871,0.937725188651045
"BOA SAUDE (ANTIGO JANUARIO CICCO)_RN",2024,0.825131881484367,1.43039003306286,1.18026041923764
"BOM JARDIM DE GOIAS_GO",2019,NA,NA,NA
"BOM JARDIM DE GOIAS_GO",2020,1.07053324264701,0.900230266512987,0.963726426339128
"BOM JARDIM DE GOIAS_GO",2021,1.14915428293009,0.731276513517262,0.840349537514543
"BOM JARDIM DE GOIAS_GO",2022,0.873560808442039,0.989419858711636,0.864318411664745
"BOM JARDIM DE GOIAS_GO",2023,1.10624183677881,0.719692296429425,0.79615372791765
"BOM JARDIM DE GOIAS_GO",2024,1.81858009047699,0.855104028286929,1.55507516112928
"BOQUEIRAO DO LEAO_RS",2019,NA,NA,NA
"BOQUEIRAO DO LEAO_RS",2020,0.869867592948367,1.27832881999895,1.11197681364902
"BOQUEIRAO DO LEAO_RS",2021,0.978964875736124,0.831202723614716,0.813718271035008
"BOQUEIRAO DO LEAO_RS",2022,0.922635796206084,1.57013314174381,1.44866104138236
"BOQUEIRAO DO LEAO_RS",2023,1.35824277674493,0.980443784014826,1.3316806876426
"BOQUEIRAO DO LEAO_RS",2024,0.550070604657924,1.07506268983621,0.591360383843376
"BRASOPOLIS_MG",2019,NA,NA,NA
"BRASOPOLIS_MG",2020,0.755707022443455,1.31430260030692,0.993227704667636
"BRASOPOLIS_MG",2021,2.0611351219997,0.471782028089591,0.972406508023703
"BRASOPOLIS_MG",2022,0.829973017981555,1.47067134838721,1.22061753747994
"BRASOPOLIS_MG",2023,0.799973102053458,1.01337384795753,0.810671820690438
"BRASOPOLIS_MG",2024,1.04594398025669,0.825407944618518,0.863330470929783
"CACADOR_SC",2019,NA,NA,NA
"CACADOR_SC",2020,0.706068753446999,0.810206683049709,0.572061622735336
"CACADOR_SC",2021,1.13741208859952,0.532024483902306,0.605131079421403
"CACADOR_SC",2022,1.02144719756037,0.909417573500104,0.928922031863834
"CACADOR_SC",2023,1.35262486743752,1.31092480240101,1.77318948706821
"CACADOR_SC",2024,1.26465310126234,0.588497815783242,0.74424558781639
"CACAPAVA DO SUL_RS",2019,NA,NA,NA
"CACAPAVA DO SUL_RS",2020,1.08515997958432,1.01698566653567,1.10359214513539
"CACAPAVA DO SUL_RS",2021,1.58426041003136,0.787462089185889,1.24754501229779
"CACAPAVA DO SUL_RS",2022,0.770759780614679,0.947438072448484,0.730247160866387
"CACAPAVA DO SUL_RS",2023,1.43827854454111,1.82250326298477,2.62126734050717
"CACAPAVA DO SUL_RS",2024,1.04496421136177,1.13288366538478,1.18382288596343
"CACHOEIRINHA_PE",2019,NA,NA,NA
"CACHOEIRINHA_PE",2020,0.789285646507571,1.22578968730009,0.967498205822965
"CACHOEIRINHA_PE",2021,1.16687781368966,0.772627899328851,0.901562353964488
"CACHOEIRINHA_PE",2022,1.12873359089042,1.23471833766567,1.39366806301162
"CACHOEIRINHA_PE",2023,0.886138186354117,1.17823379004729,1.04407795381365
"CACHOEIRINHA_PE",2024,0.876614390141592,0.865991961887325,0.759141015537378
"CAFELANDIA_PR",2019,NA,NA,NA
"CAFELANDIA_PR",2020,1.02104069849619,0.826567329959443,0.843958883935919
"CAFELANDIA_PR",2021,0.902834969897575,0.973134782353139,0.87858011193208
"CAFELANDIA_PR",2022,0.839434786859819,1.56690844962842,1.31531746044268
"CAFELANDIA_PR",2023,0.8724623971387,0.996084100239752,0.869045921846919
"CAFELANDIA_PR",2024,0.759868387519149,1.02730302349811,0.780615091959052
"CAMBE_PR",2019,NA,NA,NA
"CAMBE_PR",2020,0.896319591008329,0.707116327179958,0.633802217173252
"CAMBE_PR",2021,1.11344143223487,0.817090389439409,0.909782293482762
"CAMBE_PR",2022,0.977017792981579,2.34616425951319,2.29224422680184
"CAMBE_PR",2023,0.996126375371649,1.29025660181127,1.2852586320616
"CAMBE_PR",2024,0.861710424736191,0.776947175831464,0.669503480883315
"CAMBUCI_RJ",2019,NA,NA,NA
"CAMBUCI_RJ",2020,1.64329067821023,0.600240528534456,0.986369665224651
"CAMBUCI_RJ",2021,0.553364012658651,0.555281447268474,0.307272769815386
"CAMBUCI_RJ",2022,0.828165570988055,0.936112187893813,0.775255884595958
"CAMBUCI_RJ",2023,0.620388606685322,1.02336118933691,0.63488162238856
"CAMBUCI_RJ",2024,0.670925061490318,1.17557767013678,0.788724520623165
"CAMBUI_MG",2019,NA,NA,NA
"CAMBUI_MG",2020,0.858672413595221,1.07454714870039,0.922683993696424
"CAMBUI_MG",2021,1.18385192864445,0.666137925965583,0.788608668397571
"CAMBUI_MG",2022,1.000022959792,1.20528489538726,1.20531256847775
"CAMBUI_MG",2023,0.894251733111795,1.02394328305718,0.915663055482068
"CAMBUI_MG",2024,0.738157175626699,1.06016499464605,0.782568398146223
"CAMPO GRANDE_MS",2019,NA,NA,NA
"CAMPO GRANDE_MS",2020,0.758442072895246,1.06910832435432,0.810856733672855
"CAMPO GRANDE_MS",2021,0.940730211801966,1.01145352899513,0.95150489255943
"CAMPO GRANDE_MS",2022,0.999447132682684,1.12677825330962,1.12615529443951
"CAMPO GRANDE_MS",2023,1.99325527758364,0.523136979050182,1.04274554439094
"CAMPO GRANDE_MS",2024,1.16903580248037,1.16992609112123,1.36768548677662
"CANDELARIA_RS",2019,NA,NA,NA
"CANDELARIA_RS",2020,0.746398382983067,0.679496480273975,0.507175074119181
"CANDELARIA_RS",2021,1.06340266446232,0.83116680164529,0.883864991482223
"CANDELARIA_RS",2022,0.65587124409926,2.48708532963825,1.63120774933086
"CANDELARIA_RS",2023,1.13556631816666,1.18910234128381,1.35030456761501
"CANDELARIA_RS",2024,1.19644146359746,0.687983437575995,0.823131910984235
"CANDIDO MOTA_SP",2019,NA,NA,NA
"CANDIDO MOTA_SP",2020,1.6523764657233,0.575490047856661,0.950926211336319
"CANDIDO MOTA_SP",2021,1,0.280622582318475,0.280622582318475
"CANDIDO MOTA_SP",2022,0.691853798583749,2.50857730526397,1.73556873768786
"CANDIDO MOTA_SP",2023,0.972929284078561,1.02346396424548,0.995758062013561
"CANDIDO MOTA_SP",2024,0.499040707457462,1.21130054532853,0.604488281084358
"CANGUCU_RS",2019,NA,NA,NA
"CANGUCU_RS",2020,1,0.931051274390596,0.931051274390596
"CANGUCU_RS",2021,1,0.248724691633956,0.248724691633956
"CANGUCU_RS",2022,1,6.83852988469421,6.83852988469421
"CANGUCU_RS",2023,1,2.87733337505656,2.87733337505656
"CANGUCU_RS",2024,1,0.516679581360575,0.516679581360575
"CANOINHAS_SC",2019,NA,NA,NA
"CANOINHAS_SC",2020,4.46810787862899,0.54806515676458,2.44881424494185
"CANOINHAS_SC",2021,0.867824505487402,0.246113913564569,0.213583685332741
"CANOINHAS_SC",2022,0.752185068161199,4.95302906885713,3.7255945077627
"CANOINHAS_SC",2023,1.04395764814982,1.3211191968332,1.37919248965158
"CANOINHAS_SC",2024,0.611594699873995,0.852688906597903,0.52150001591663
"CANTAGALO_RJ",2019,NA,NA,NA
"CANTAGALO_RJ",2020,0.686955417251366,1.33437524366334,0.916656302280643
"CANTAGALO_RJ",2021,1.30422568267093,0.729244327620439,0.951099181024667
"CANTAGALO_RJ",2022,0.965014307952607,0.954518664247917,0.921124168207051
"CANTAGALO_RJ",2023,1.77035827438472,1.11461110915968,1.97326099982197
"CANTAGALO_RJ",2024,1.03749608855308,0.752131305734124,0.780333287777474
"CAPELA DO ALTO ALEGRE_BA",2019,NA,NA,NA
"CAPELA DO ALTO ALEGRE_BA",2020,1,1.63885296854189,1.63885296854189
"CAPELA DO ALTO ALEGRE_BA",2021,0.221038935837872,0.498913068228967,0.110279213676939
"CAPELA DO ALTO ALEGRE_BA",2022,0.911747845825474,1.00033677111241,0.912054896161747
"CAPELA DO ALTO ALEGRE_BA",2023,1.86670346885598,0.680280795666109,1.26988252106603
"CAPELA DO ALTO ALEGRE_BA",2024,0.805363740942699,1.18774234053932,0.956564614652785
"CARIRIACU_CE",2019,NA,NA,NA
"CARIRIACU_CE",2020,0.818034617278402,1.29106148771593,1.05613298998659
"CARIRIACU_CE",2021,1.86947532069015,0.482669838843409,0.902339351759243
"CARIRIACU_CE",2022,0.517045116490748,2.02285605152632,1.04590784280544
"CARIRIACU_CE",2023,1.83337440453651,1.33193566730692,2.44193676092976
"CARIRIACU_CE",2024,1.14666295532072,0.757282817140179,0.868348153115558
"CARMO DO CAJURU_MG",2019,NA,NA,NA
"CARMO DO CAJURU_MG",2020,0.838931111826467,1.02206273183836,0.857440223977548
"CARMO DO CAJURU_MG",2021,1.45376534571832,0.823084170012637,1.19657124297369
"CARMO DO CAJURU_MG",2022,1.08265181669975,0.997555317942737,1.08000507722921
"CARMO DO CAJURU_MG",2023,0.957697464163153,1.1680595049941,1.11864762592451
"CARMO DO CAJURU_MG",2024,0.698507624379157,0.892896568082576,0.623695060587662
"CAXIAS DO SUL_RS",2019,NA,NA,NA
"CAXIAS DO SUL_RS",2020,0.919583379129525,0.965752091842176,0.888089572017635
"CAXIAS DO SUL_RS",2021,0.407809658058133,0.312151494810784,0.127298394361121
"CAXIAS DO SUL_RS",2022,1.35058791791619,3.79447454008381,5.12477146867777
"CAXIAS DO SUL_RS",2023,0.93508900196531,1.69472412365423,1.58471788939436
"CAXIAS DO SUL_RS",2024,1.53053581863954,0.688553470807115,1.05385575011886
"CERQUEIRA CESAR_SP",2019,NA,NA,NA
"CERQUEIRA CESAR_SP",2020,0.945272160681011,0.81568110299769,0.771040638657296
"CERQUEIRA CESAR_SP",2021,1.26736450883791,0.913960000339742,1.15832046692807
"CERQUEIRA CESAR_SP",2022,1.11502108327292,1.06676543263679,1.18946594829678
"CERQUEIRA CESAR_SP",2023,1.05221519295991,1.13866030255531,1.19811566996902
"CERQUEIRA CESAR_SP",2024,1.36866095716622,0.710109679414521,0.971899393520478
"CHARQUEADAS_RS",2019,NA,NA,NA
"CHARQUEADAS_RS",2020,0.981840407840576,0.569381289240758,0.559041557244938
"CHARQUEADAS_RS",2021,1.01849546220996,0.547795357930468,0.557927086271861
"CHARQUEADAS_RS",2022,0.417541868759989,1.61094200882592,0.672635736829146
"CHARQUEADAS_RS",2023,2.11713714524083,1.20318233350023,2.54730201075087
"CHARQUEADAS_RS",2024,0.591654034911776,1.03967314046329,0.615126808544505
"CHOPINZINHO_PR",2019,NA,NA,NA
"CHOPINZINHO_PR",2020,1.42794139229949,1.01329073647929,1.44691978505241
"CHOPINZINHO_PR",2021,1,0.27288399758614,0.27288399758614
"CHOPINZINHO_PR",2022,1,1.31789919001801,1.31789919001801
"CHOPINZINHO_PR",2023,0.319442698435519,1.09004898142251,0.348208188052497
"CHOPINZINHO_PR",2024,1.70299020608173,0.723373769524073,1.23189844483592
"CIDADE OCIDENTAL_GO",2019,NA,NA,NA
"CIDADE OCIDENTAL_GO",2020,1.1073709015882,0.624631644096937,0.691698906884145
"CIDADE OCIDENTAL_GO",2021,0.940371569774238,0.39627390782409,0.372644716761111
"CIDADE OCIDENTAL_GO",2022,0.951631060035411,2.00474502727516,1.90777763540658
"CIDADE OCIDENTAL_GO",2023,1.00184607951574,1.08411583144765,1.08611719547678
"CIDADE OCIDENTAL_GO",2024,0.804030725953362,0.95246548829995,0.765811518003333
"COMODORO_MT",2019,NA,NA,NA
"COMODORO_MT",2020,2.27694698609344,0.432130236173776,0.983937638855726
"COMODORO_MT",2021,0.549162693915599,0.345296459898847,0.189623934117571
"COMODORO_MT",2022,0.89174147965838,0.913568940966428,0.814667319187341
"COMODORO_MT",2023,0.857042375784285,1.02403318779075,0.877639836146136
"COMODORO_MT",2024,1.45379896442291,1.36143514418712,1.9792530027482
"CONTENDA_PR",2019,NA,NA,NA
"CONTENDA_PR",2020,0.841998641692961,1.27774926044622,1.0758631417199
"CONTENDA_PR",2021,0.963927773953959,0.838206607911552,0.807970629677681
"CONTENDA_PR",2022,1.36164392656772,1.22660522345709,1.67019955281659
"CONTENDA_PR",2023,1.30065895013754,1.03262963900512,1.34309898214931
"CONTENDA_PR",2024,0.744451171568679,0.897413746305203,0.668080714818746
"CRATO_CE",2019,NA,NA,NA
"CRATO_CE",2020,1.55542264691529,0.656381727639504,1.02095100419187
"CRATO_CE",2021,1.02312747753384,0.215956244355101,0.220950767544716
"CRATO_CE",2022,0.349552887390887,5.46383499080836,1.90989929726442
"CRATO_CE",2023,1.10167744346841,0.947642158761521,1.04399599078728
"CRATO_CE",2024,0.894225465354349,1.0000560144553,0.89427555490671
"CURITIBANOS_SC",2019,NA,NA,NA
"CURITIBANOS_SC",2020,0.95601087094078,0.752100640433498,0.719016388295947
"CURITIBANOS_SC",2021,1.03604631928108,0.935343231890273,0.969058912664385
"CURITIBANOS_SC",2022,1.10450093617978,0.9683797719764,1.0695763647255
"CURITIBANOS_SC",2023,1.01562062199861,1.09023435451964,1.10726449326149
"CURITIBANOS_SC",2024,0.862518859024898,0.950924762641573,0.820190541292132
"DUAS BARRAS_RJ",2019,NA,NA,NA
"DUAS BARRAS_RJ",2020,0.723971857324683,0.707965097581682,0.512546806617261
"DUAS BARRAS_RJ",2021,1.43252201648509,0.671804127174348,0.962374202942805
"DUAS BARRAS_RJ",2022,0.841273024208285,0.905902708148544,0.762111510922601
"DUAS BARRAS_RJ",2023,1.05936893273836,1.15138040332099,1.21973662904202
"DUAS BARRAS_RJ",2024,0.794909853620723,0.927336550775722,0.737148961834275
"DUQUE DE CAXIAS_RJ",2019,NA,NA,NA
"DUQUE DE CAXIAS_RJ",2020,1.44323473232303,0.758729650935284,1.09502498467313
"DUQUE DE CAXIAS_RJ",2021,1.59913527433129,0.838653798076283,1.3411208714557
"DUQUE DE CAXIAS_RJ",2022,1.8135703966969,2.14757206231245,3.89477311698317
"DUQUE DE CAXIAS_RJ",2023,1.32572190584944,1.02302733495076,1.35624974822699
"DUQUE DE CAXIAS_RJ",2024,0.130292152781,0.800197497792378,0.104259454637338
"ESPIGAO DO OESTE_RO",2019,NA,NA,NA
"ESPIGAO DO OESTE_RO",2020,0.881864017001906,0.746608417892349,0.658407098529984
"ESPIGAO DO OESTE_RO",2021,1.41992214295092,0.714103985480839,1.01397206135374
"ESPIGAO DO OESTE_RO",2022,0.969336517397126,0.929746216715952,0.901236959774595
"ESPIGAO DO OESTE_RO",2023,1.07298677308823,1.16431674282154,1.24929646473268
"ESPIGAO DO OESTE_RO",2024,0.836055624195434,0.879321812058101,0.735161946448896
"EUSEBIO_CE",2019,NA,NA,NA
"EUSEBIO_CE",2020,1.40731156180031,0.926192265449433,1.30344108361701
"EUSEBIO_CE",2021,0.609157557485871,0.472766393370533,0.287989221446999
"EUSEBIO_CE",2022,1.0126852137326,7.52994743279394,7.6254664253742
"EUSEBIO_CE",2023,0.978611694668093,1.41120687119977,1.38102354775206
"EUSEBIO_CE",2024,1.20875533951416,0.593006280912676,0.716799508418629
"FEIRA DE SANTANA_BA",2019,NA,NA,NA
"FEIRA DE SANTANA_BA",2020,1.17177845215358,0.516054243224536,0.604701242352933
"FEIRA DE SANTANA_BA",2021,0.520676033365947,0.45547348301102,0.23715412643755
"FEIRA DE SANTANA_BA",2022,2.13098281942902,4.25494110232606,9.06720638673919
"FEIRA DE SANTANA_BA",2023,2.05428666258097,1.60979287537861,3.30697603340815
"FEIRA DE SANTANA_BA",2024,0.859446206107871,0.6787340687041,0.583335420303898
"FERNANDOPOLIS_SP",2019,NA,NA,NA
"FERNANDOPOLIS_SP",2020,0.744492106904448,0.756850445489826,0.563469182774291
"FERNANDOPOLIS_SP",2021,1.11491594031499,0.928865464217812,1.03560691246452
"FERNANDOPOLIS_SP",2022,1.20125628635381,1.06835019147877,1.28336238354117
"FERNANDOPOLIS_SP",2023,1.05496496109694,1.24917482753843,1.31783567333736
"FERNANDOPOLIS_SP",2024,1.03712812030317,0.758505863916852,0.786667760883017
"FLORES_PE",2019,NA,NA,NA
"FLORES_PE",2020,0.752990758036823,1.17382695168284,0.883880846151716
"FLORES_PE",2021,1.00111729963209,0.651247605003582,0.651975243713054
"FLORES_PE",2022,1.0829570980365,1.4331681429154,1.55205961305002
"FLORES_PE",2023,0.801904212470762,0.813704431582425,0.652513011392074
"FLORES_PE",2024,1.21258696065398,1.0946051544486,1.32730393734901
"FLORIANO PEIXOTO_RS",2019,NA,NA,NA
"FLORIANO PEIXOTO_RS",2020,1,1.63964593706807,1.63964593706807
"FLORIANO PEIXOTO_RS",2021,1,0.506316091286319,0.506316091286319
"FLORIANO PEIXOTO_RS",2022,1,1.13709576601979,1.13709576601979
"FLORIANO PEIXOTO_RS",2023,1,0.737317444016157,0.737317444016157
"FLORIANO PEIXOTO_RS",2024,1,1.1041086165674,1.1041086165674
"FLORIANOPOLIS_SC",2019,NA,NA,NA
"FLORIANOPOLIS_SC",2020,0.510573341953222,1.24443917260527,0.635377467214575
"FLORIANOPOLIS_SC",2021,1.05399554007983,0.765351917179452,0.806677507298687
"FLORIANOPOLIS_SC",2022,1.02583529873293,0.91328646151184,0.936881490073737
"FLORIANOPOLIS_SC",2023,1.76105292673459,0.499262040553445,0.879226877724126
"FLORIANOPOLIS_SC",2024,0.592333347825281,1.67707289698314,0.993386203617065
"FOZ DO IGUACU_PR",2019,NA,NA,NA
"FOZ DO IGUACU_PR",2020,1.26081851417927,0.831868083392802,1.04883468089647
"FOZ DO IGUACU_PR",2021,0.498418118013735,0,0
"FOZ DO IGUACU_PR",2022,1.29487409816008,Inf,Inf
"FOZ DO IGUACU_PR",2023,0.86055000599669,1.4225947587638,1.22421392818505
"FOZ DO IGUACU_PR",2024,0.634095674308575,0.67042490799184,0.42511353410635
"FRANCISCO SA_MG",2019,NA,NA,NA
"FRANCISCO SA_MG",2020,0.853473264264519,1.2195076692251,1.04081719124916
"FRANCISCO SA_MG",2021,1.34598531037735,0.651817130394268,0.877336282563005
"FRANCISCO SA_MG",2022,1.01625371457622,1.27065958940505,1.29131252769478
"FRANCISCO SA_MG",2023,1.16337156043331,1.17238484068521,1.36391918153631
"FRANCISCO SA_MG",2024,0.843498969004983,0.902918639039997,0.76161094112562
"FREDERICO WESTPHALEN_RS",2019,NA,NA,NA
"FREDERICO WESTPHALEN_RS",2020,0.970730566989688,0.630786840105968,0.6123240669457
"FREDERICO WESTPHALEN_RS",2021,0.98947093584806,0.47350790717693,0.468522312045813
"FREDERICO WESTPHALEN_RS",2022,1.10496095337198,4.08279874529305,4.51133319402495
"FREDERICO WESTPHALEN_RS",2023,1.12580517244375,1.35922723732058,1.53022505430193
"FREDERICO WESTPHALEN_RS",2024,1.08137536451896,0.698787295469898,0.755651366359978
"GARCA_SP",2019,NA,NA,NA
"GARCA_SP",2020,1.09459900384292,0.821959806504567,0.899716385398822
"GARCA_SP",2021,0.751150901295981,0.987856673356669,0.742029430543112
"GARCA_SP",2022,0.978734989471616,1.76425181277189,1.72673497939858
"GARCA_SP",2023,0.882182910916182,1.28215753029674,1.13109746233028
"GARCA_SP",2024,1.08505473629525,0.697193210792029,0.756492795482783
"GOIAS_GO",2019,NA,NA,NA
"GOIAS_GO",2020,3.85201393368236,0.792118163484374,3.05125020286469
"GOIAS_GO",2021,26.3836551782297,Inf,Inf
"GOIAS_GO",2022,0.0167699966672847,0,0
"GOIAS_GO",2023,1.73193756782471,1.76386070101613,3.05489661249947
"GOIAS_GO",2024,3.12393946092415,0.788012198824907,2.46170240359873
"GONCALVES_MG",2019,NA,NA,NA
"GONCALVES_MG",2020,0.729805301254424,1.2328614374435,0.899748812758417
"GONCALVES_MG",2021,1.61544218817683,0.587332372330757,0.948801492745084
"GONCALVES_MG",2022,0.722167505755625,0.966867753365354,0.698240473843402
"GONCALVES_MG",2023,0.85153972549968,0.859535660593858,0.73192876047928
"GONCALVES_MG",2024,1.20530455910006,0.733167991551477,0.883690722803227
"GUAJARA-MIRIM_RO",2019,NA,NA,NA
"GUAJARA-MIRIM_RO",2020,2.98275573990907,0.689249715927079,2.05586354641219
"GUAJARA-MIRIM_RO",2021,0.772346062377645,0.266892479156153,0.206133355354463
"GUAJARA-MIRIM_RO",2022,0.721962761705364,3.18598922853751,2.30016558219848
"GUAJARA-MIRIM_RO",2023,1.08427129656242,1.14660363768224,1.24322941287291
"GUAJARA-MIRIM_RO",2024,1.09423346212916,0.851406409085769,0.931637382692881
"GUARACI_SP",2019,NA,NA,NA
"GUARACI_SP",2020,0.771084122388812,1.20446634130729,0.928744871733794
"GUARACI_SP",2021,1.12031223837636,1.03792283645095,1.16279765616631
"GUARACI_SP",2022,1.18937048670419,1.3839571046321,1.646037735114
"GUARACI_SP",2023,1.18812382176031,1.00135125728124,1.18972928272548
"GUARACI_SP",2024,0.880839574509433,0.929307565407044,0.818570880501537
"GUARATUBA_PR",2019,NA,NA,NA
"GUARATUBA_PR",2020,0.873239807178492,1.18378272540141,1.03372619887076
"GUARATUBA_PR",2021,1.18450248583829,0.925576900245729,1.09634813917557
"GUARATUBA_PR",2022,1.02816695886262,0.899904287948543,0.925251855007487
"GUARATUBA_PR",2023,1.77775730394715,1.02299013134018,1.81862817785587
"GUARATUBA_PR",2024,0.881300162193351,1.04240029401266,0.918667548183758
"GUIRATINGA_MT",2019,NA,NA,NA
"GUIRATINGA_MT",2020,0.624231608768925,1.52829658647784,0.954011036853118
"GUIRATINGA_MT",2021,1.71792262127122,0.610991594862858,1.04963628222148
"GUIRATINGA_MT",2022,1.01812583863719,1.38328521204079,1.40835841658344
"GUIRATINGA_MT",2023,1.01065845575043,0.9696573980336,0.97999244850362
"GUIRATINGA_MT",2024,1.29492409007746,0.870593155715744,1.12735204999288
"HOLAMBRA_SP",2019,NA,NA,NA
"HOLAMBRA_SP",2020,1.24076322511461,0.814102840228591,1.01010886561699
"HOLAMBRA_SP",2021,1.27028930598769,0.850088514759016,1.07985834944134
"HOLAMBRA_SP",2022,0.946424682042072,2.47730236043648,2.34458009879817
"HOLAMBRA_SP",2023,0.904188718499719,1.10071030827882,0.995249843082053
"HOLAMBRA_SP",2024,0.72251376804294,0.862637362187835,0.623267371008955
"INDAIAL_SC",2019,NA,NA,NA
"INDAIAL_SC",2020,0.954564655251826,0.704079025479679,0.672088952227051
"INDAIAL_SC",2021,1.07012264769829,0.75224617882474,0.804995672604853
"INDAIAL_SC",2022,0.932764351304074,2.04473067930822,1.90725188567647
"INDAIAL_SC",2023,0.968910049418631,1.17818795867967,1.14155815326876
"INDAIAL_SC",2024,0.757172629731426,0.869137708066094,0.658087284015149
"IRAUCUBA_CE",2019,NA,NA,NA
"IRAUCUBA_CE",2020,0.959234674190221,0.827613572155329,0.793875635241821
"IRAUCUBA_CE",2021,1.26287414526048,0.520935853840491,0.657876421154347
"IRAUCUBA_CE",2022,1.0021675507874,1.32993818798938,1.33282089655595
"IRAUCUBA_CE",2023,1.01073780877665,1.14900394993873,1.16134173463678
"IRAUCUBA_CE",2024,1.09608840284623,0.790272476721327,0.866208496822815
"ITACURUBA_PE",2019,NA,NA,NA
"ITACURUBA_PE",2020,0.845762871452303,1.3106101468768,1.10846540117705
"ITACURUBA_PE",2021,0.896540068099643,0.451449708681913,0.404742752565246
"ITACURUBA_PE",2022,0.984533754470106,1.19998166644358,1.18142245535899
"ITACURUBA_PE",2023,1.15774345657396,1.12003245394238,1.29671024470226
"ITACURUBA_PE",2024,0.931166277672504,0.834964737832455,0.777491006915245
"ITAIOPOLIS_SC",2019,NA,NA,NA
"ITAIOPOLIS_SC",2020,0.794610896774165,0.739368173944018,0.587510007743933
"ITAIOPOLIS_SC",2021,1.16225182983211,0.855773552215225,0.994624376984067
"ITAIOPOLIS_SC",2022,1.03170140221639,0.886917642448554,0.91503417536463
"ITAIOPOLIS_SC",2023,0.988161318526318,1.02595288928685,1.01380695982358
"ITAIOPOLIS_SC",2024,0.805292333725403,1.39305176625075,1.12181390784436
"ITAPIPOCA_CE",2019,NA,NA,NA
"ITAPIPOCA_CE",2020,1.60929687664049,0.855797887304651,1.3772328670749
"ITAPIPOCA_CE",2021,0.573398533456512,0.572671395932517,0.328368938580199
"ITAPIPOCA_CE",2022,0.915977581330166,1.55785594933622,1.4269611245338
"ITAPIPOCA_CE",2023,1.0766300305832,1.022121088049,1.10044625828592
"ITAPIPOCA_CE",2024,0.853365405764126,1.14979378683278,0.981194241445626
"IVOTI_RS",2019,NA,NA,NA
"IVOTI_RS",2020,1.18487612515838,0.772013221252958,0.914740034169245
"IVOTI_RS",2021,1.09784721141419,0.849574877414741,0.932703410057325
"IVOTI_RS",2022,1.5878117348235,6.10818431336614,9.69864673122759
"IVOTI_RS",2023,1,2.39507344402895,2.39507344402895
"IVOTI_RS",2024,1,0.263315715037065,0.263315715037065
"JABOATAO DOS GUARARAPES_PE",2019,NA,NA,NA
"JABOATAO DOS GUARARAPES_PE",2020,1.19278825967477,0.985606220094425,1.17561952799106
"JABOATAO DOS GUARARAPES_PE",2021,1,0.392222942167606,0.392222942167606
"JABOATAO DOS GUARARAPES_PE",2022,1,Inf,Inf
"JABOATAO DOS GUARARAPES_PE",2023,1,1.86791162976519,1.86791162976519
"JABOATAO DOS GUARARAPES_PE",2024,1,0.71492876628173,0.71492876628173
"JABOTICABAL_SP",2019,NA,NA,NA
"JABOTICABAL_SP",2020,1.0365367521691,1.04067338770613,1.07869621336173
"JABOTICABAL_SP",2021,0.904605384430968,1.00813359590543,0.911963079081802
"JABOTICABAL_SP",2022,1.11682820655563,0.88428445030229,0.987593816716141
"JABOTICABAL_SP",2023,0.910465063432336,0.946282032234182,0.861556730502975
"JABOTICABAL_SP",2024,0.898030887324617,1.15925332156898,1.0410452890026
"JACOBINA_BA",2019,NA,NA,NA
"JACOBINA_BA",2020,1.23248687181826,0.980416617840813,1.20835061040126
"JACOBINA_BA",2021,0.766627702460703,0.759803712190266,0.582486574197537
"JACOBINA_BA",2022,1.41276791092682,0.909999908560471,1.28561866976058
"JACOBINA_BA",2023,1.74900076384683,0.440002583683068,0.769564854956267
"JACOBINA_BA",2024,0.492896599704947,1.84939516436131,0.911560588024462
"JAGUARIAIVA_PR",2019,NA,NA,NA
"JAGUARIAIVA_PR",2020,0.953683443385451,1.11069217565401,1.059248738619
"JAGUARIAIVA_PR",2021,1.11797465166433,0.696296011725148,0.778441291163681
"JAGUARIAIVA_PR",2022,1.04895601333212,1.43578931161884,1.50607983230056
"JAGUARIAIVA_PR",2023,1.11724674304579,1.14246859840706,1.27641932060238
"JAGUARIAIVA_PR",2024,0.967410868315783,0.831494137793505,0.804396465842298
"JAPURA_PR",2019,NA,NA,NA
"JAPURA_PR",2020,0.742862363598575,1.22223960829908,0.907955804304854
"JAPURA_PR",2021,0.93380064702704,0.916657995952995,0.855975829723417
"JAPURA_PR",2022,0.844302211010023,1.13700791463008,0.959978296258074
"JAPURA_PR",2023,1.03237504686685,0.946943720686193,0.977601068023681
"JAPURA_PR",2024,1.00591565488565,0.998114477851958,1.00401897863931
"JARU_RO",2019,NA,NA,NA
"JARU_RO",2020,1.09142886229757,0.900393862115251,0.982715848548167
"JARU_RO",2021,1.11446394247332,0.449733838971056,0.501212147243343
"JARU_RO",2022,0.943074639140985,2.5945883549107,2.44689047652681
"JARU_RO",2023,1.19855048748323,1.27645041245071,1.52989026409097
"JARU_RO",2024,0.940794027891876,0.784194522326101,0.737765523309918
"JERONIMO MONTEIRO_ES",2019,NA,NA,NA
"JERONIMO MONTEIRO_ES",2020,0.595968414872872,1.32912268377546,0.792115139021237
"JERONIMO MONTEIRO_ES",2021,1.06286517527155,0.779692243761405,0.828707733323334
"JERONIMO MONTEIRO_ES",2022,1.12718020890075,0.992555473897529,1.1187888864134
"JERONIMO MONTEIRO_ES",2023,1.16369139459793,1.08353217738922,1.26089707059779
"JERONIMO MONTEIRO_ES",2024,1.01994493598822,0.792728420735167,0.80853933834277
"JI-PARANA_RO",2019,NA,NA,NA
"JI-PARANA_RO",2020,0.841574518201849,1.23101431035634,1.03599027513772
"JI-PARANA_RO",2021,0.943897459774551,0.547950883629639,0.517209447139237
"JI-PARANA_RO",2022,0.843262568016081,5.46893513000886,4.61174828204463
"JI-PARANA_RO",2023,1.09662183793305,1.49523221891536,1.63970430404367
"JI-PARANA_RO",2024,1.04993260126826,0.568326791257681,0.596704826315622
"JUATUBA_MG",2019,NA,NA,NA
"JUATUBA_MG",2020,0.634946832433609,0.798132424268339,0.506771654651739
"JUATUBA_MG",2021,1.38256272000234,0.812592509442782,1.12346011010874
"JUATUBA_MG",2022,1.4958301731141,0.905421315765478,1.35435652350267
"JUATUBA_MG",2023,0.978092369128484,1.02220942811163,0.999815241287177
"JUATUBA_MG",2024,1.05351852722916,1.02199199632437,1.07668750280764
"LAPA_PR",2019,NA,NA,NA
"LAPA_PR",2020,0.910138882142779,0.519023246381382,0.472383237267667
"LAPA_PR",2021,0.989456328807434,1.01881155188685,1.00806953787657
"LAPA_PR",2022,0.761014996049994,2.40759861524708,1.83221865067223
"LAPA_PR",2023,1.08491216784823,1.2814666403063,1.39027875075989
"LAPA_PR",2024,0.749969058436585,0.812956695496096,0.609692367470924
"LIMEIRA_SP",2019,NA,NA,NA
"LIMEIRA_SP",2020,1,1.03295929292103,1.03295929292103
"LIMEIRA_SP",2021,1,1.21085556894641,1.21085556894641
"LIMEIRA_SP",2022,1,0.755931098333843,0.755931098333843
"LIMEIRA_SP",2023,0.994469454178343,1.05533996237613,1.04950335635679
"LIMEIRA_SP",2024,1.00556130286196,1.33356295277764,1.34097930024353
"MACIEIRA_SC",2019,NA,NA,NA
"MACIEIRA_SC",2020,0.781651741542328,1.264908962274,0.988718293253968
"MACIEIRA_SC",2021,1.47112676522044,0.775207080637663,1.14042788491447
"MACIEIRA_SC",2022,0.753783263718007,1.18293821472594,0.891679028272874
"MACIEIRA_SC",2023,1.37405166251595,0.848671535557798,1.16611853436315
"MACIEIRA_SC",2024,0.866929259551447,0.808586514051694,0.700987307910121
"MAFRA_SC",2019,NA,NA,NA
"MAFRA_SC",2020,0.732562044762905,0.903931675371535,0.66218603643613
"MAFRA_SC",2021,0.983435965955932,0.762139340426849,0.749515238445695
"MAFRA_SC",2022,0.954617515945629,1.27918557196212,1.22113295313997
"MAFRA_SC",2023,0.916777465547593,1.1533176756636,1.05733565566611
"MAFRA_SC",2024,1.30588943158326,0.781580787847044,1.02065809077798
"MAIRIPORA_SP",2019,NA,NA,NA
"MAIRIPORA_SP",2020,0.82990128515259,0.790916596720737,0.656382700067053
"MAIRIPORA_SP",2021,1.02485348178985,0.554276984904546,0.568052697855405
"MAIRIPORA_SP",2022,0.590773102528219,2.10691948907873,1.24471136334021
"MAIRIPORA_SP",2023,1.06269569443096,1.37868813019746,1.46512593992391
"MAIRIPORA_SP",2024,1.13346139997064,0.636075515538656,0.720967044329494
"MARACAJU_MS",2019,NA,NA,NA
"MARACAJU_MS",2020,1.51157197229084,0.795380877971666,1.20227544243805
"MARACAJU_MS",2021,0.590898862057773,0.791843443501516,0.467899389692954
"MARACAJU_MS",2022,1.03054661299161,2.16771425227028,2.23393058061078
"MARACAJU_MS",2023,1.5593368391384,1.19905450409955,1.86972986037725
"MARACAJU_MS",2024,0.864939350415122,0.855775560267263,0.740193957198703
"MARATA_RS",2019,NA,NA,NA
"MARATA_RS",2020,0.897133907935669,1.20249788614833,1.07880162788463
"MARATA_RS",2021,1.07437312508191,0.987077999871874,1.06049007542195
"MARATA_RS",2022,0.928088765982479,1.41349616779279,1.31184991408777
"MARATA_RS",2023,0.878225539035693,1.19127173490271,1.04620526152292
"MARATA_RS",2024,0.860568373864173,0.872714640472652,0.751030618999006
"MARCELANDIA_MT",2019,NA,NA,NA
"MARCELANDIA_MT",2020,0.962484825620994,1.11313762664597,1.07137807447451
"MARCELANDIA_MT",2021,1.13045001769324,0.8779786132027,0.992510938829278
"MARCELANDIA_MT",2022,1.2766935068863,1.23223133395979,1.5731817430483
"MARCELANDIA_MT",2023,1.11764399023592,1.14692151960629,1.28184994366022
"MARCELANDIA_MT",2024,0.623209757669755,0.928914825830831,0.578908783501874
"MEDIANEIRA_PR",2019,NA,NA,NA
"MEDIANEIRA_PR",2020,1.3736114799868,0.656652785343324,0.901985804312896
"MEDIANEIRA_PR",2021,0.771940056905472,0.539890630670336,0.41676320416239
"MEDIANEIRA_PR",2022,1.02493611887514,0.993475446291108,1.01824886811935
"MEDIANEIRA_PR",2023,1.13151472786734,1.0938479263822,1.23770503874861
"MEDIANEIRA_PR",2024,1.60027271988387,0.65602988642095,1.04982673066796
"MILAGRES_CE",2019,NA,NA,NA
"MILAGRES_CE",2020,2.86943998372173,1.10704499248043,3.17659916520226
"MILAGRES_CE",2021,0.390938441118394,0.497675711242076,0.194560566735465
"MILAGRES_CE",2022,1.15674935888171,1.51370516970402,1.75097748459104
"MILAGRES_CE",2023,1.44770767996457,1.18589525599855,1.71682966974266
"MILAGRES_CE",2024,1.53617143365317,0.721597407984489,1.10849732474395
"MORENO_PE",2019,NA,NA,NA
"MORENO_PE",2020,1.08376507774317,0.885770161434232,0.959966767869346
"MORENO_PE",2021,1.30730339545258,0.695111018132063,0.908720994220548
"MORENO_PE",2022,0.759085176522531,0.931236333767888,0.706887696802392
"MORENO_PE",2023,1.38341110367815,0.664558087483581,0.9193570372639
"MORENO_PE",2024,0.895914829973997,1.08833272349601,0.975053426926069
"MORRINHOS DO SUL_RS",2019,NA,NA,NA
"MORRINHOS DO SUL_RS",2020,0.534826061292008,1.41592237433072,0.757272186558525
"MORRINHOS DO SUL_RS",2021,1.0793964808275,0.956488408728897,1.03243022233427
"MORRINHOS DO SUL_RS",2022,0.921619435610004,1.37724543401078,1.26929615958947
"MORRINHOS DO SUL_RS",2023,1.88172899958499,0.609715595179721,1.1473195169489
"MORRINHOS DO SUL_RS",2024,0.526479483360282,1.2470349954661,0.656538340145185
"NITEROI_RJ",2019,NA,NA,NA
"NITEROI_RJ",2020,1.596373231302,0.768296530644724,1.22648801522344
"NITEROI_RJ",2021,1.1436849161354,1.27974781654701,1.46362827424203
"NITEROI_RJ",2022,1,Inf,Inf
"NITEROI_RJ",2023,1,Inf,Inf
"NITEROI_RJ",2024,1,NA,NA
"NOVA ANDRADINA_MS",2019,NA,NA,NA
"NOVA ANDRADINA_MS",2020,1.08562543828113,0.643847952769588,0.698977715911895
"NOVA ANDRADINA_MS",2021,1.40173677954277,0.823925523834701,1.15492671036314
"NOVA ANDRADINA_MS",2022,1.01274203153388,0.970639285289477,0.983007201670657
"NOVA ANDRADINA_MS",2023,1.10794008062728,1.20724122573534,1.33755094097779
"NOVA ANDRADINA_MS",2024,1.17938272615738,0.69858925513691,0.823904100187624
"NOVA ARACA_RS",2019,NA,NA,NA
"NOVA ARACA_RS",2020,0.707028139799938,1.45074918154232,1.02572049514215
"NOVA ARACA_RS",2021,1.26311639769918,0.615059744003225,0.776892048215133
"NOVA ARACA_RS",2022,1.1025518834013,1.6344749197892,1.80209340118578
"NOVA ARACA_RS",2023,0.955147759808252,0.852577016641697,0.81433702750932
"NOVA ARACA_RS",2024,1.02429928048025,0.918140012323099,0.940450154002676
"NOVA ESPERANCA DO SUL_RS",2019,NA,NA,NA
"NOVA ESPERANCA DO SUL_RS",2020,0.873988279350143,1.21493851999118,1.0618420266033
"NOVA ESPERANCA DO SUL_RS",2021,1.16817354982722,0.89156505745952,1.0415027180744
"NOVA ESPERANCA DO SUL_RS",2022,0.93361866367223,1.46290105782997,1.36579173069591
"NOVA ESPERANCA DO SUL_RS",2023,1.01312786486983,1.17696322292489,1.1924142370722
"NOVA ESPERANCA DO SUL_RS",2024,0.955418683861934,0.829238536678458,0.792269991320929
"OCARA_CE",2019,NA,NA,NA
"OCARA_CE",2020,1,0.819743873789575,0.819743873789575
"OCARA_CE",2021,0.999594656566085,0.567848241864776,0.567618068308475
"OCARA_CE",2022,0.859165358793944,1.12682901741422,0.968132457046115
"OCARA_CE",2023,1.16439227625304,1.14572010550148,1.33406764159374
"OCARA_CE",2024,0.724559259581228,0.870278043602146,0.63056801490217
"OLIVEIRA_MG",2019,NA,NA,NA
"OLIVEIRA_MG",2020,1.55888483249909,0.596540790778376,0.929938390711423
"OLIVEIRA_MG",2021,1.33420645163393,0.407450385325099,0.543622932821479
"OLIVEIRA_MG",2022,0.882142079628408,3.2992305649428,2.91039011173225
"OLIVEIRA_MG",2023,0.857488549335391,1.25758272369853,1.07836278541351
"OLIVEIRA_MG",2024,0.939557674770541,0.734261997416778,0.689881494965281
"PALMEIRAS DE GOIAS_GO",2019,NA,NA,NA
"PALMEIRAS DE GOIAS_GO",2020,0.80824198842402,1.29732339054869,1.04855123680607
"PALMEIRAS DE GOIAS_GO",2021,1.20680430949537,0.431352185557409,0.520557676440928
"PALMEIRAS DE GOIAS_GO",2022,0.799764629286221,1.04641795826713,0.836888070471955
"PALMEIRAS DE GOIAS_GO",2023,1.34478226194987,0.737767899990345,0.99213718534302
"PALMEIRAS DE GOIAS_GO",2024,0.760755718604945,1.12864356910752,0.858622049465243
"PANAMBI_RS",2019,NA,NA,NA
"PANAMBI_RS",2020,1,0.884009032275989,0.884009032275989
"PANAMBI_RS",2021,1,0.352631410903725,0.352631410903725
"PANAMBI_RS",2022,1,8.67340982559121,8.67340982559121
"PANAMBI_RS",2023,1,1.75705511303276,1.75705511303276
"PANAMBI_RS",2024,1,0.639774588976906,0.639774588976906
"PAPANDUVA_SC",2019,NA,NA,NA
"PAPANDUVA_SC",2020,1.06624124000867,0.858824398728709,0.9157139918502
"PAPANDUVA_SC",2021,1.24124879105566,0.854622408793613,1.06079903172415
"PAPANDUVA_SC",2022,1.09174720158425,0.93322745571788,1.01884846322159
"PAPANDUVA_SC",2023,1.03575941323539,1.14176745120671,1.18259638531314
"PAPANDUVA_SC",2024,0.938837474762287,0.942452306582203,0.884809543595528
"PARA DE MINAS_MG",2019,NA,NA,NA
"PARA DE MINAS_MG",2020,2.06646915901949,0.579431599615645,1.19737753036706
"PARA DE MINAS_MG",2021,0.438082158777852,0.150474809092271,0.0659203292088271
"PARA DE MINAS_MG",2022,0.966156906401637,2.67445545494843,2.58394360866195
"PARA DE MINAS_MG",2023,0.957147614908522,1.26173022432705,1.20766207487263
"PARA DE MINAS_MG",2024,1.17056721563004,0.785767326355057,0.919793471344499
"PARAIBUNA_SP",2019,NA,NA,NA
"PARAIBUNA_SP",2020,1.03352145897393,1.1250218160149,1.16273418866522
"PARAIBUNA_SP",2021,1.36615338953934,0.781797844251926,1.06805577485932
"PARAIBUNA_SP",2022,1.04444146488988,0.893790443837914,0.933511800466646
"PARAIBUNA_SP",2023,0.749743437022686,1.02503717227825,0.768514892619912
"PARAIBUNA_SP",2024,1.61108434597026,1.06436672159704,1.71478456353667
"PARAOPEBA_MG",2019,NA,NA,NA
"PARAOPEBA_MG",2020,0.824041772493772,1.17253444758758,0.966217364500073
"PARAOPEBA_MG",2021,1.2086078253502,0.444068367919934,0.536704504458522
"PARAOPEBA_MG",2022,0.687805483505801,1.83141253533389,1.25965558436391
"PARAOPEBA_MG",2023,0.872824946764318,1.26081770890356,1.10047314965326
"PARAOPEBA_MG",2024,1.31573053105539,0.725961411834895,0.955169593919248
"PARISI_SP",2019,NA,NA,NA
"PARISI_SP",2020,0.767048080223573,1.23276078798373,0.945586795797815
"PARISI_SP",2021,1.07733186596532,0.78383469345061,0.844450092903504
"PARISI_SP",2022,0.782559987744261,1.38851447285899,1.08659586886326
"PARISI_SP",2023,1.13933956820738,1.17027894870324,1.33334511209773
"PARISI_SP",2024,0.926563572088878,0.855612841994094,0.792779691203164
"PATROCINIO_MG",2019,NA,NA,NA
"PATROCINIO_MG",2020,1.19042440920589,0.829606136626343,0.987583395066997
"PATROCINIO_MG",2021,1.3501948346398,0.46076849186739,0.622127237684119
"PATROCINIO_MG",2022,1.27102165614917,2.75878285258368,3.50647275024685
"PATROCINIO_MG",2023,1.02775837004618,1.31380902402404,1.35027822108291
"PATROCINIO_MG",2024,1.37241552143212,0.593354765870396,0.814329290396252
"PETROLINA DE GOIAS_GO",2019,NA,NA,NA
"PETROLINA DE GOIAS_GO",2020,0.791897903621384,1.35315563305146,1.07156110908692
"PETROLINA DE GOIAS_GO",2021,1.22157088997079,0.486696725842896,0.594534552533774
"PETROLINA DE GOIAS_GO",2022,0.921180554469414,1.07797060129378,0.993005556201534
"PETROLINA DE GOIAS_GO",2023,0.83414783553396,0.874122706966234,0.72914756400697
"PETROLINA DE GOIAS_GO",2024,1.0720507167846,0.976502490771026,1.04686019517303
"PIRAJUBA_MG",2019,NA,NA,NA
"PIRAJUBA_MG",2020,1.00806817422031,0.90243197552674,0.909712953927269
"PIRAJUBA_MG",2021,1.20502941227604,0.732779979702807,0.883021428268922
"PIRAJUBA_MG",2022,0.905149387503693,0.941825627318426,0.852492889702555
"PIRAJUBA_MG",2023,1.41592907195032,0.725636717548832,1.02745012405199
"PIRAJUBA_MG",2024,0.708353259362589,1.06954056815078,0.757612547470121
"POMERODE_SC",2019,NA,NA,NA
"POMERODE_SC",2020,0.931339825628506,0.648922744723799,0.604367595917434
"POMERODE_SC",2021,1.01830710473362,0.452080132527422,0.460356410861592
"POMERODE_SC",2022,0.926736255526005,0.959836780114703,0.889515543519637
"POMERODE_SC",2023,0.99213104941842,0.887828614001286,0.880842334512797
"POMERODE_SC",2024,0.612705019607664,1.65558008750853,1.01438222997897
"PONTA PORA_MS",2019,NA,NA,NA
"PONTA PORA_MS",2020,0.732836085462589,0.811432061301288,0.594646695422875
"PONTA PORA_MS",2021,1.04102110042478,0.432224413419392,0.449954734488309
"PONTA PORA_MS",2022,1.12512668383814,8.08509269681491,9.09675353449131
"PONTA PORA_MS",2023,0.623105864793586,1.50079964522518,0.935157060819944
"PONTA PORA_MS",2024,0.736813886175564,0.786478271494952,0.579488111612836
"PORTO FELIZ_SP",2019,NA,NA,NA
"PORTO FELIZ_SP",2020,1.12152310660274,0.806815702103794,0.904862452679315
"PORTO FELIZ_SP",2021,1.15981765297133,1.24931410310696,1.4489765508895
"PORTO FELIZ_SP",2022,0.922336743532168,0.877006203371393,0.808895045675081
"PORTO FELIZ_SP",2023,0.781180762069782,1.20655167421475,0.942534956339647
"PORTO FELIZ_SP",2024,1.11840980527607,1.18136737864903,1.32125285991436
"PORTO MAUA_RS",2019,NA,NA,NA
"PORTO MAUA_RS",2020,0.614438191074252,1.35002410745922,0.829506370493873
"PORTO MAUA_RS",2021,1.41473714068192,0.713962124109944,1.01006873401849
"PORTO MAUA_RS",2022,0.816634466171535,1.38647681533909,1.13224475395365
"PORTO MAUA_RS",2023,1.30246262045682,0.873004466915844,1.13705568564972
"PORTO MAUA_RS",2024,0.832903564558209,1.05299985861292,0.877047335717995
"PRESIDENTE OLEGARIO_MG",2019,NA,NA,NA
"PRESIDENTE OLEGARIO_MG",2020,0.552279378102341,1.60109276347973,0.884250515698742
"PRESIDENTE OLEGARIO_MG",2021,1.58364777734699,0.569386649846475,0.901707902480421
"PRESIDENTE OLEGARIO_MG",2022,0.980555574926718,1.00709541123525,0.987513019969837
"PRESIDENTE OLEGARIO_MG",2023,1.11490123905383,0.775243284519354,0.864319698478789
"PRESIDENTE OLEGARIO_MG",2024,0.939907522040637,0.9346175291822,0.878454045909384
"QUATIS_RJ",2019,NA,NA,NA
"QUATIS_RJ",2020,1.01816797243521,0.88499088720128,0.901069377245366
"QUATIS_RJ",2021,1.29360410799082,0.725507081395227,0.938518940869292
"QUATIS_RJ",2022,0.950238929979959,1.0814449967666,1.02763113655968
"QUATIS_RJ",2023,0.981893620645544,1.02392049499446,1.00538100208329
"QUATIS_RJ",2024,0.645830429412231,1.28250481003734,0.828280632189667
"QUATRO BARRAS_PR",2019,NA,NA,NA
"QUATRO BARRAS_PR",2020,1.40641276853157,1.10860777319059,1.5591601275086
"QUATRO BARRAS_PR",2021,0.801906224791005,1.00451860146069,0.805529719429679
"QUATRO BARRAS_PR",2022,1.01842674033563,0.878660877566049,0.894851733400031
"QUATRO BARRAS_PR",2023,1.09511880961417,0.983766477133951,1.07734117337726
"QUATRO BARRAS_PR",2024,0.786854031789569,1.3371248303321,1.05212206375276
"QUEIMADOS_RJ",2019,NA,NA,NA
"QUEIMADOS_RJ",2020,2.30854475793568,0.543373334652967,1.25440166331514
"QUEIMADOS_RJ",2021,0.270254498288362,0.298322887478036,0.0806231022833121
"QUEIMADOS_RJ",2022,1.00989917825015,3.4038692717568,3.43756478041814
"QUEIMADOS_RJ",2023,1.42955077831178,1.39804685969057,1.998578976387
"QUEIMADOS_RJ",2024,1.20465742370413,0.647632252765168,0.780175001123786
"RAFARD_SP",2019,NA,NA,NA
"RAFARD_SP",2020,0.716959176424106,1.14400785663628,0.820206930716652
"RAFARD_SP",2021,1.1340906850748,0.73259292000243,0.830826806526502
"RAFARD_SP",2022,0.921864004292519,1.30943768925521,1.20712347158835
"RAFARD_SP",2023,1.39664714387565,1.09613700944396,1.5309166235363
"RAFARD_SP",2024,0.686791136141489,0.944375760679094,0.648588901621279
"RIO NEGRINHO_SC",2019,NA,NA,NA
"RIO NEGRINHO_SC",2020,0.720844635776878,1.07647799108973,0.7759733854089
"RIO NEGRINHO_SC",2021,0.920045391154133,0.903126758102135,0.830917611419842
"RIO NEGRINHO_SC",2022,1.01377050246566,6.23959092905004,6.32551323132321
"RIO NEGRINHO_SC",2023,0.970706364674648,1.16721080937781,1.13301896158009
"RIO NEGRINHO_SC",2024,1.36782516868733,0.667048128762034,0.912405219246498
"RIO NEGRO_PR",2019,NA,NA,NA
"RIO NEGRO_PR",2020,1,0.877222176977625,0.877222176977625
"RIO NEGRO_PR",2021,1,0.414823511283911,0.414823511283911
"RIO NEGRO_PR",2022,1,3.79179474102594,3.79179474102594
"RIO NEGRO_PR",2023,1,1.13802187503822,1.13802187503822
"RIO NEGRO_PR",2024,1,0.778009476246126,0.778009476246126
"SALVADOR DO SUL_RS",2019,NA,NA,NA
"SALVADOR DO SUL_RS",2020,0.885879970587048,1.20801758475585,1.07015858245215
"SALVADOR DO SUL_RS",2021,1.14340176551214,0.82673253336748,0.945287438258701
"SALVADOR DO SUL_RS",2022,1.05968021477963,1.43561084470457,1.52128840825651
"SALVADOR DO SUL_RS",2023,1.2090219651342,1.04434987853905,1.26264194243894
"SALVADOR DO SUL_RS",2024,0.657973567856307,0.997172854007673,0.656113380520884
"SANTA FE DO SUL_SP",2019,NA,NA,NA
"SANTA FE DO SUL_SP",2020,1.18049484120861,0.813268139249763,0.960058842903673
"SANTA FE DO SUL_SP",2021,1.2837504645005,0.388156078083124,0.498295545537903
"SANTA FE DO SUL_SP",2022,1.0631109134023,3.41731954595551,3.63298970388829
"SANTA FE DO SUL_SP",2023,1.07082278289963,1.25568688925414,1.3446181292017
"SANTA FE DO SUL_SP",2024,1.6256707228646,0.64354318342321,1.0461893121902
"SANTA MARIA DA BOA VISTA_PE",2019,NA,NA,NA
"SANTA MARIA DA BOA VISTA_PE",2020,1.35586985429813,1.14969100412934,1.55883137425672
"SANTA MARIA DA BOA VISTA_PE",2021,0.135313154626311,0.781350668834793,0.105727023869413
"SANTA MARIA DA BOA VISTA_PE",2022,0.707494834564909,1.51793480439678,1.07393103331701
"SANTA MARIA DA BOA VISTA_PE",2023,0.874156682792349,1.01445286148895,0.886790748248385
"SANTA MARIA DA BOA VISTA_PE",2024,1.28525163464349,0.875990683632195,1.12586845807074
"SANTA MARIA DE JETIBA_ES",2019,NA,NA,NA
"SANTA MARIA DE JETIBA_ES",2020,1.27028879187072,0.497062077773426,0.631412386259555
"SANTA MARIA DE JETIBA_ES",2021,0.590032782630283,0.348110187036472,0.205396422319078
"SANTA MARIA DE JETIBA_ES",2022,1.04858673059398,2.14579972687231,2.2500571201105
"SANTA MARIA DE JETIBA_ES",2023,0.973600792091814,1.13524770169653,1.10527806159215
"SANTA MARIA DE JETIBA_ES",2024,0.84114786296547,0.897466298228114,0.754901858838109
"SANTA RITA DO TOCANTINS_TO",2019,NA,NA,NA
"SANTA RITA DO TOCANTINS_TO",2020,0.590068536254593,0.463256199194393,0.273352907369502
"SANTA RITA DO TOCANTINS_TO",2021,1.69471839042192,0.556564876065315,0.943220730930784
"SANTA RITA DO TOCANTINS_TO",2022,1,0.906099912912094,0.906099912912094
"SANTA RITA DO TOCANTINS_TO",2023,1,0.843852930948893,0.843852930948893
"SANTA RITA DO TOCANTINS_TO",2024,0.775843072513298,0.777263839507635,0.603034765397087
"SANTANA DA BOA VISTA_RS",2019,NA,NA,NA
"SANTANA DA BOA VISTA_RS",2020,0.975285753333579,1.19113050460174,1.16169261149911
"SANTANA DA BOA VISTA_RS",2021,0.900983527832284,0.890028241719553,0.801900785094848
"SANTANA DA BOA VISTA_RS",2022,0.900309749241721,1.47257310988997,1.32577192730514
"SANTANA DA BOA VISTA_RS",2023,1.18338032094821,1.05219905881728,1.2451516599246
"SANTANA DA BOA VISTA_RS",2024,1.30658287268829,0.861194924962632,1.12522253900225
"SAO FRANCISCO DE ASSIS_RS",2019,NA,NA,NA
"SAO FRANCISCO DE ASSIS_RS",2020,0.801096723611224,1.16910703825681,0.936567817898353
"SAO FRANCISCO DE ASSIS_RS",2021,1.06962821193882,0.835101173928141,0.893247775456767
"SAO FRANCISCO DE ASSIS_RS",2022,0.834823059397412,1.61598851810957,1.34906447863932
"SAO FRANCISCO DE ASSIS_RS",2023,1.10510902748463,0.959496705805671,1.06034847142761
"SAO FRANCISCO DE ASSIS_RS",2024,0.927844991558844,0.917841034169519,0.851614206601378
"SAO JOAO DA LAGOA_MG",2019,NA,NA,NA
"SAO JOAO DA LAGOA_MG",2020,0.816402748659662,1.36924504695213,1.11785541992035
"SAO JOAO DA LAGOA_MG",2021,1.80644925046085,0.380362672479706,0.687105864604252
"SAO JOAO DA LAGOA_MG",2022,0.751505270475161,1.43924919813955,1.08160335792903
"SAO JOAO DA LAGOA_MG",2023,0.959913176910478,0.993210118098392,0.953395479803458
"SAO JOAO DA LAGOA_MG",2024,1.22710556091663,0.80220471678486,0.984389868960254
"SAO JOSE DO CALCADO_ES",2019,NA,NA,NA
"SAO JOSE DO CALCADO_ES",2020,0.944344897476581,1.21862975340975,1.15080678954564
"SAO JOSE DO CALCADO_ES",2021,1.18479080058366,0.49061634547614,0.581277732736105
"SAO JOSE DO CALCADO_ES",2022,1.06808616839827,1.62108449531027,1.7314579272458
"SAO JOSE DO CALCADO_ES",2023,1.40432226239187,1.31389603118401,1.84513344706003
"SAO JOSE DO CALCADO_ES",2024,0.578777078796372,0.866846642982864,0.501710967790064
"SAO MANUEL_SP",2019,NA,NA,NA
"SAO MANUEL_SP",2020,0.90740861133489,0.85690946210876,0.777567025051838
"SAO MANUEL_SP",2021,1.14577122333578,0.75347879630222,0.863314322196769
"SAO MANUEL_SP",2022,0.983951474944124,0.891420128199562,0.877114149936839
"SAO MANUEL_SP",2023,0.905487291866166,1.24986338172781,1.13173540872341
"SAO MANUEL_SP",2024,0.842859730928486,0.79627383258432,0.671147148277415
"SAO MARTINHO_RS",2019,NA,NA,NA
"SAO MARTINHO_RS",2020,0.70033337086031,1.57680228505517,1.10428725947293
"SAO MARTINHO_RS",2021,0.900722844413858,0.79776315935213,0.718563502060237
"SAO MARTINHO_RS",2022,0.992260393345171,1.05504439730284,1.04687876866433
"SAO MARTINHO_RS",2023,1.77559314005615,0.649842033396089,1.15385505661824
"SAO MARTINHO_RS",2024,0.732281349540379,1.10027608578757,0.805711656967527
"SAO SEBASTIAO DO CAI_RS",2019,NA,NA,NA
"SAO SEBASTIAO DO CAI_RS",2020,0.954918099417034,0.662084749087226,0.632236710251378
"SAO SEBASTIAO DO CAI_RS",2021,1.06359641001377,0.339226257369282,0.360799829520375
"SAO SEBASTIAO DO CAI_RS",2022,1.09517888839951,4.32072971715381,4.73197196870724
"SAO SEBASTIAO DO CAI_RS",2023,0.91986046508699,1.2077319235763,1.1109448489213
"SAO SEBASTIAO DO CAI_RS",2024,1.08712140368532,0.968192509424838,1.05254279988354
"SARZEDO_MG",2019,NA,NA,NA
"SARZEDO_MG",2020,1.38248723890742,0.777907336673795,1.07544696600398
"SARZEDO_MG",2021,0.939087967833708,0.391923086942811,0.368050255264238
"SARZEDO_MG",2022,0.902684781726364,2.78806625179775,2.51674497594269
"SARZEDO_MG",2023,0.955262898070993,1.02329491222836,0.977515663436563
"SARZEDO_MG",2024,0.802258900320848,1.45455639694674,1.16693081546915
"SELBACH_RS",2019,NA,NA,NA
"SELBACH_RS",2020,0.790957765984114,1.32507822224718,1.04808091042283
"SELBACH_RS",2021,1.49681145812468,0.625612054926479,0.936423292154879
"SELBACH_RS",2022,0.751693399275807,1.75067035182094,1.31596734777166
"SELBACH_RS",2023,1.20065550991785,0.939070891509909,1.12750064009484
"SELBACH_RS",2024,0.652851968476181,1.04305718326114,0.680961935325254
"SENADOR ELOI DE SOUZA_RN",2019,NA,NA,NA
"SENADOR ELOI DE SOUZA_RN",2020,0.764508871517028,1.58772355090928,1.21382874018666
"SENADOR ELOI DE SOUZA_RN",2021,1.61408781210995,0.551314240498548,0.889869596231358
"SENADOR ELOI DE SOUZA_RN",2022,0.745733109032446,0.888804551890321,0.662810981803359
"SENADOR ELOI DE SOUZA_RN",2023,1.31910722785196,0.807814840760432,1.06559439521316
"SENADOR ELOI DE SOUZA_RN",2024,2.30029759617417,0.665875085583637,1.53171085872031
"SITIO D'ABADIA_GO",2019,NA,NA,NA
"SITIO D'ABADIA_GO",2020,0.57668603200998,1.47001970523388,0.847739830787807
"SITIO D'ABADIA_GO",2021,1.61449465900802,0.575271024031051,0.928771995780207
"SITIO D'ABADIA_GO",2022,0.913965436641223,0.999438971503157,0.913452675986138
"SITIO D'ABADIA_GO",2023,0.991656529625899,0.844144748528706,0.837101651827904
"SITIO D'ABADIA_GO",2024,0.699357583929849,1.01090852063652,0.706986540566452
"SOBRADINHO_RS",2019,NA,NA,NA
"SOBRADINHO_RS",2020,1.02222638883987,1.0063256836695,1.02869266961429
"SOBRADINHO_RS",2021,1.23432017809372,0.94420650257186,1.16545313841175
"SOBRADINHO_RS",2022,0.950056030538859,1.17155249982018,1.11304051754704
"SOBRADINHO_RS",2023,0.777671088808576,1.0867015075284,0.845096344569535
"SOBRADINHO_RS",2024,0.725246219949528,0.945897808648419,0.686008810180808
"TAUA_CE",2019,NA,NA,NA
"TAUA_CE",2020,1.29214357404093,0.78855466817874,1.01892584726714
"TAUA_CE",2021,1.03440552025383,0.798319478192578,0.82578607516856
"TAUA_CE",2022,1.00669036676533,1.33302941338132,1.34194786906582
"TAUA_CE",2023,1.25925500066182,0.806904044177989,1.01609795268538
"TAUA_CE",2024,1.05016445696549,0.910356866986671,0.956024424863867
"TAUBATE_SP",2019,NA,NA,NA
"TAUBATE_SP",2020,1.07741844578623,1.26155645787414,1.35922419811434
"TAUBATE_SP",2021,1.7342399510878,0.0866904186213362,0.150341987349647
"TAUBATE_SP",2022,0.110449258299302,13.675746840982,1.51047609527548
"TAUBATE_SP",2023,0.946075789572858,1.36674786068138,1.29304706144115
"TAUBATE_SP",2024,0.751312087945856,0.675754593413817,0.507702594516738
"TRES MARIAS_MG",2019,NA,NA,NA
"TRES MARIAS_MG",2020,0.663156803788633,0.734620083055305,0.487168306277897
"TRES MARIAS_MG",2021,1.13053703366057,0.683673154369985,0.772917819934809
"TRES MARIAS_MG",2022,0.973673859704529,2.50228861891513,2.43641301767381
"TRES MARIAS_MG",2023,1.15972934028391,1.22217128859023,1.41738790223068
"TRES MARIAS_MG",2024,1.19475553717737,0.652131596593281,0.779137835998139
"TRIUNFO_PE",2019,NA,NA,NA
"TRIUNFO_PE",2020,0.93667754458873,0.88664824235262,0.830503498560766
"TRIUNFO_PE",2021,1.26140195206969,0.726134368336948,0.915947309685121
"TRIUNFO_PE",2022,0.839294240174223,0.904697153342146,0.759307109902079
"TRIUNFO_PE",2023,1.45070225392611,0.59458937733738,0.862572149863862
"TRIUNFO_PE",2024,0.617932774089485,1.47095123776149,0.908948978900321
"TUPANCIRETA_RS",2019,NA,NA,NA
"TUPANCIRETA_RS",2020,1.85471994004187,0.829407344341615,1.53831833996756
"TUPANCIRETA_RS",2021,0.752089702671129,0.802606299144349,0.603631932885449
"TUPANCIRETA_RS",2022,0.997657013106943,3.76866643224929,3.75983649619422
"TUPANCIRETA_RS",2023,1.12176435705966,1.10104943134226,1.23511800744056
"TUPANCIRETA_RS",2024,0.806035648613887,0.858797580413368,0.692221464756525
"VERA_MT",2019,NA,NA,NA
"VERA_MT",2020,0.817377614473491,1.1732419586278,0.9589817133434
"VERA_MT",2021,1.28635125262035,0.824064984033757,1.06003702445239
"VERA_MT",2022,1.16730868127077,0.933427800799519,1.08959837521276
"VERA_MT",2023,0.899166301474019,1.16090933408209,1.04385055227326
"VERA_MT",2024,0.98054560348675,0.916391833995071,0.898563983895026
"VERTENTE DO LERIO_PE",2019,NA,NA,NA
"VERTENTE DO LERIO_PE",2020,0.922428182305048,1.48500636856283,1.36981172526483
"VERTENTE DO LERIO_PE",2021,0.888776534116167,0.610266890827792,0.542390892115774
"VERTENTE DO LERIO_PE",2022,0.950958139025112,0.980508911105017,0.932422929401966
"VERTENTE DO LERIO_PE",2023,1.07429920140313,0.916511344382182,0.984607405346686
"VERTENTE DO LERIO_PE",2024,1.01849750067946,0.889424258268304,0.905876384089948
"VICOSA_MG",2019,NA,NA,NA
"VICOSA_MG",2020,1.14025182619903,1.02024418854199,1.16333529915396
"VICOSA_MG",2021,1.43247845445261,0.616873272815332,0.883657672435628
"VICOSA_MG",2022,1.18222937233943,1.51589152501537,1.79213148615358
"VICOSA_MG",2023,1.33583056051315,1.20455760383339,1.60908485909913
"VICOSA_MG",2024,0.629485303000386,0.898256807386513,0.565439458569859
"VIRADOURO_SP",2019,NA,NA,NA
"VIRADOURO_SP",2020,1.09544348967293,0.758868756624754,0.831297838960776
"VIRADOURO_SP",2021,1.24413309245331,0.783339424470832,0.974578500607492
"VIRADOURO_SP",2022,0.897770680047772,0.880285848244392,0.790294824614797
"VIRADOURO_SP",2023,1.05919695062388,1.14277055038795,1.2104190822337
"VIRADOURO_SP",2024,0.613083206462942,0.88486040633028,0.54249305518507
"VISTA GAUCHA_RS",2019,NA,NA,NA
"VISTA GAUCHA_RS",2020,1.01050203576295,1.4140401480989,1.42889044830448
"VISTA GAUCHA_RS",2021,1.18379978364853,0.616001301593073,0.729222207553093
"VISTA GAUCHA_RS",2022,1,1.60850357639904,1.60850357639904
"VISTA GAUCHA_RS",2023,1,1.20679942108732,1.20679942108732
"VISTA GAUCHA_RS",2024,1,0.780151091753761,0.780151091753761
